2026-09-08 09:37:24.494 xcodebuild[59105:31465913]  DVTDeviceOperation: Encountered a build number "" that is incompatible with DVTBuildVersion.
2026-09-08 09:37:24.646 xcodebuild[59105:31465884] [MT] DVTDeviceOperation: Encountered a build number "" that is incompatible with DVTBuildVersion.
2026-09-08 09:37:24.646 xcodebuild[59105:31465884] [MT] DVTDeviceOperation: Encountered a build number "" that is incompatible with DVTBuildVersion.
2026-09-08 09:37:27.215 xcodebuild[59105:31465884] [MT] IDERunDestination: Supported platforms for the buildables in the current scheme is empty.
Writing result bundle at path:
	/tmp/GameDrawer16Unit.xcresult

/Users/gabrielnielsen/Developer/GameKit/gamekit/gamekit/Games/Words/FiveLetter/FiveLetterBoardView.swift:42:40: warning: main actor-isolated property 'animated' can not be referenced from a Sendable closure
                    content.offset(x: (animated && row == guesses.count) ? value : 0)
                                       ^
/Users/gabrielnielsen/Developer/GameKit/gamekit/gamekit/Games/Words/FiveLetter/FiveLetterBoardView.swift:18:17: note: property declared here
    private var animated: Bool { settingsStore.animationsEnabled && !reduceMotion }
                ^
/Users/gabrielnielsen/Developer/GameKit/gamekit/gamekitTests/Engine/BoardSpawnerTests.swift:37:35: warning: '#require(_:_:)' is redundant because 'result' never equals 'nil' (from macro 'require')
        let board = try? #require(result)
                                  ^~~~~~
/Users/gabrielnielsen/Developer/GameKit/gamekit/gamekitTests/Engine/BoardSpawnerTests.swift:37:35: warning: '#require(_:_:)' is redundant because 'result' never equals 'nil' (from macro 'require')
        let board = try? #require(result)
                                  ^~~~~~
/Users/gabrielnielsen/Developer/GameKit/gamekit/gamekitTests/Engine/BoardSpawnerTests.swift:37:35: warning: '#require(_:_:)' is redundant because 'result' never equals 'nil' (from macro 'require')
        let board = try? #require(result)
                                  ^~~~~~
/Users/gabrielnielsen/Developer/GameKit/gamekit/gamekitTests/Engine/BoardSpawnerTests.swift:37:35: warning: '#require(_:_:)' is redundant because 'result' never equals 'nil' (from macro 'require')
        let board = try? #require(result)
                                  ^~~~~~
/Users/gabrielnielsen/Developer/GameKit/gamekit/gamekitTests/Engine/BoardSpawnerTests.swift:37:35: warning: '#require(_:_:)' is redundant because 'result' never equals 'nil' (from macro 'require')
        let board = try? #require(result)
                                  ^~~~~~
/Users/gabrielnielsen/Developer/GameKit/gamekit/gamekitTests/Engine/BoardSpawnerTests.swift:37:35: warning: '#require(_:_:)' is redundant because 'result' never equals 'nil' (from macro 'require')
        let board = try? #require(result)
                                  ^~~~~~
/Users/gabrielnielsen/Developer/GameKit/gamekit/gamekitTests/Engine/BoardSpawnerTests.swift:37:35: warning: '#require(_:_:)' is redundant because 'result' never equals 'nil' (from macro 'require')
        let board = try? #require(result)
                                  ^~~~~~
/Users/gabrielnielsen/Developer/GameKit/gamekit/gamekitTests/Engine/BoardSpawnerTests.swift:37:35: warning: '#require(_:_:)' is redundant because 'result' never equals 'nil' (from macro 'require')
        let board = try? #require(result)
                                  ^~~~~~
/Users/gabrielnielsen/Developer/GameKit/gamekit/gamekitTests/Games/Snake/SnakeEngineTests.swift:28:13: warning: variable 'rng1' was never mutated; consider changing to 'let' constant
        var rng1 = SeededGenerator(seed: 42)
        ~~~ ^
        let
/Users/gabrielnielsen/Developer/GameKit/gamekit/gamekitTests/Games/Snake/SnakeEngineTests.swift:29:13: warning: variable 'rng2' was never mutated; consider changing to 'let' constant
        var rng2 = SeededGenerator(seed: 42)
        ~~~ ^
        let
/Users/gabrielnielsen/Developer/GameKit/gamekit/gamekitTests/Games/Snake/SnakeEngineTests.swift:62:17: warning: variable 'rng' was never mutated; consider changing to 'let' constant
            var rng = SeededGenerator(seed: 99)
            ~~~ ^
            let
/Users/gabrielnielsen/Developer/GameKit/gamekit/gamekitTests/Games/Snake/SnakeEngineTests.swift:86:13: warning: variable 'rng' was never mutated; consider changing to 'let' constant
        var rng = SeededGenerator(seed: 1)
        ~~~ ^
        let
/Users/gabrielnielsen/Developer/GameKit/gamekit/gamekitTests/Games/Snake/SnakeEngineTests.swift:106:13: warning: variable 'rng' was never mutated; consider changing to 'let' constant
        var rng = SeededGenerator(seed: 2)
        ~~~ ^
        let
/Users/gabrielnielsen/Developer/GameKit/gamekit/gamekitTests/Games/Snake/SnakeEngineTests.swift:140:13: warning: variable 'rng' was never mutated; consider changing to 'let' constant
        var rng = SeededGenerator(seed: 7)
        ~~~ ^
        let
/Users/gabrielnielsen/Developer/GameKit/gamekit/gamekitTests/Games/Snake/SnakeEngineTests.swift:169:13: warning: variable 'rng' was never mutated; consider changing to 'let' constant
        var rng = SeededGenerator(seed: 3)
        ~~~ ^
        let
/Users/gabrielnielsen/Developer/GameKit/gamekit/gamekitTests/Games/Snake/SnakeEngineTests.swift:28:13: warning: variable 'rng1' was never mutated; consider changing to 'let' constant
        var rng1 = SeededGenerator(seed: 42)
        ~~~ ^
        let
/Users/gabrielnielsen/Developer/GameKit/gamekit/gamekitTests/Games/Snake/SnakeEngineTests.swift:29:13: warning: variable 'rng2' was never mutated; consider changing to 'let' constant
        var rng2 = SeededGenerator(seed: 42)
        ~~~ ^
        let
/Users/gabrielnielsen/Developer/GameKit/gamekit/gamekitTests/Games/Snake/SnakeEngineTests.swift:62:17: warning: variable 'rng' was never mutated; consider changing to 'let' constant
            var rng = SeededGenerator(seed: 99)
            ~~~ ^
            let
/Users/gabrielnielsen/Developer/GameKit/gamekit/gamekitTests/Games/Snake/SnakeEngineTests.swift:86:13: warning: variable 'rng' was never mutated; consider changing to 'let' constant
        var rng = SeededGenerator(seed: 1)
        ~~~ ^
        let
/Users/gabrielnielsen/Developer/GameKit/gamekit/gamekitTests/Games/Snake/SnakeEngineTests.swift:106:13: warning: variable 'rng' was never mutated; consider changing to 'let' constant
        var rng = SeededGenerator(seed: 2)
        ~~~ ^
        let
/Users/gabrielnielsen/Developer/GameKit/gamekit/gamekitTests/Games/Snake/SnakeEngineTests.swift:140:13: warning: variable 'rng' was never mutated; consider changing to 'let' constant
        var rng = SeededGenerator(seed: 7)
        ~~~ ^
        let
/Users/gabrielnielsen/Developer/GameKit/gamekit/gamekitTests/Games/Snake/SnakeEngineTests.swift:169:13: warning: variable 'rng' was never mutated; consider changing to 'let' constant
        var rng = SeededGenerator(seed: 3)
        ~~~ ^
        let
/Users/gabrielnielsen/Developer/GameKit/gamekit/gamekitTests/Games/Snake/SnakeEngineTests.swift:28:13: warning: variable 'rng1' was never mutated; consider changing to 'let' constant
        var rng1 = SeededGenerator(seed: 42)
        ~~~ ^
        let
/Users/gabrielnielsen/Developer/GameKit/gamekit/gamekitTests/Games/Snake/SnakeEngineTests.swift:29:13: warning: variable 'rng2' was never mutated; consider changing to 'let' constant
        var rng2 = SeededGenerator(seed: 42)
        ~~~ ^
        let
/Users/gabrielnielsen/Developer/GameKit/gamekit/gamekitTests/Games/Snake/SnakeEngineTests.swift:62:17: warning: variable 'rng' was never mutated; consider changing to 'let' constant
            var rng = SeededGenerator(seed: 99)
            ~~~ ^
            let
/Users/gabrielnielsen/Developer/GameKit/gamekit/gamekitTests/Games/Snake/SnakeEngineTests.swift:86:13: warning: variable 'rng' was never mutated; consider changing to 'let' constant
        var rng = SeededGenerator(seed: 1)
        ~~~ ^
        let
/Users/gabrielnielsen/Developer/GameKit/gamekit/gamekitTests/Games/Snake/SnakeEngineTests.swift:106:13: warning: variable 'rng' was never mutated; consider changing to 'let' constant
        var rng = SeededGenerator(seed: 2)
        ~~~ ^
        let
/Users/gabrielnielsen/Developer/GameKit/gamekit/gamekitTests/Games/Snake/SnakeEngineTests.swift:140:13: warning: variable 'rng' was never mutated; consider changing to 'let' constant
        var rng = SeededGenerator(seed: 7)
        ~~~ ^
        let
/Users/gabrielnielsen/Developer/GameKit/gamekit/gamekitTests/Games/Snake/SnakeEngineTests.swift:169:13: warning: variable 'rng' was never mutated; consider changing to 'let' constant
        var rng = SeededGenerator(seed: 3)
        ~~~ ^
        let
/Users/gabrielnielsen/Developer/GameKit/gamekit/gamekitTests/Games/Snake/SnakeEngineTests.swift:28:13: warning: variable 'rng1' was never mutated; consider changing to 'let' constant
        var rng1 = SeededGenerator(seed: 42)
        ~~~ ^
        let
/Users/gabrielnielsen/Developer/GameKit/gamekit/gamekitTests/Games/Snake/SnakeEngineTests.swift:29:13: warning: variable 'rng2' was never mutated; consider changing to 'let' constant
        var rng2 = SeededGenerator(seed: 42)
        ~~~ ^
        let
/Users/gabrielnielsen/Developer/GameKit/gamekit/gamekitTests/Games/Snake/SnakeEngineTests.swift:62:17: warning: variable 'rng' was never mutated; consider changing to 'let' constant
            var rng = SeededGenerator(seed: 99)
            ~~~ ^
            let
/Users/gabrielnielsen/Developer/GameKit/gamekit/gamekitTests/Games/Snake/SnakeEngineTests.swift:86:13: warning: variable 'rng' was never mutated; consider changing to 'let' constant
        var rng = SeededGenerator(seed: 1)
        ~~~ ^
        let
/Users/gabrielnielsen/Developer/GameKit/gamekit/gamekitTests/Games/Snake/SnakeEngineTests.swift:106:13: warning: variable 'rng' was never mutated; consider changing to 'let' constant
        var rng = SeededGenerator(seed: 2)
        ~~~ ^
        let
/Users/gabrielnielsen/Developer/GameKit/gamekit/gamekitTests/Games/Snake/SnakeEngineTests.swift:140:13: warning: variable 'rng' was never mutated; consider changing to 'let' constant
        var rng = SeededGenerator(seed: 7)
        ~~~ ^
        let
/Users/gabrielnielsen/Developer/GameKit/gamekit/gamekitTests/Games/Snake/SnakeEngineTests.swift:169:13: warning: variable 'rng' was never mutated; consider changing to 'let' constant
        var rng = SeededGenerator(seed: 3)
        ~~~ ^
        let
/Users/gabrielnielsen/Developer/GameKit/gamekit/gamekitTests/Games/Snake/SnakeEngineTests.swift:28:13: warning: variable 'rng1' was never mutated; consider changing to 'let' constant
        var rng1 = SeededGenerator(seed: 42)
        ~~~ ^
        let
/Users/gabrielnielsen/Developer/GameKit/gamekit/gamekitTests/Games/Snake/SnakeEngineTests.swift:29:13: warning: variable 'rng2' was never mutated; consider changing to 'let' constant
        var rng2 = SeededGenerator(seed: 42)
        ~~~ ^
        let
/Users/gabrielnielsen/Developer/GameKit/gamekit/gamekitTests/Games/Snake/SnakeEngineTests.swift:62:17: warning: variable 'rng' was never mutated; consider changing to 'let' constant
            var rng = SeededGenerator(seed: 99)
            ~~~ ^
            let
/Users/gabrielnielsen/Developer/GameKit/gamekit/gamekitTests/Games/Snake/SnakeEngineTests.swift:86:13: warning: variable 'rng' was never mutated; consider changing to 'let' constant
        var rng = SeededGenerator(seed: 1)
        ~~~ ^
        let
/Users/gabrielnielsen/Developer/GameKit/gamekit/gamekitTests/Games/Snake/SnakeEngineTests.swift:106:13: warning: variable 'rng' was never mutated; consider changing to 'let' constant
        var rng = SeededGenerator(seed: 2)
        ~~~ ^
        let
/Users/gabrielnielsen/Developer/GameKit/gamekit/gamekitTests/Games/Snake/SnakeEngineTests.swift:140:13: warning: variable 'rng' was never mutated; consider changing to 'let' constant
        var rng = SeededGenerator(seed: 7)
        ~~~ ^
        let
/Users/gabrielnielsen/Developer/GameKit/gamekit/gamekitTests/Games/Snake/SnakeEngineTests.swift:169:13: warning: variable 'rng' was never mutated; consider changing to 'let' constant
        var rng = SeededGenerator(seed: 3)
        ~~~ ^
        let
/Users/gabrielnielsen/Developer/GameKit/gamekit/gamekitTests/Games/Snake/SnakeEngineTests.swift:28:13: warning: variable 'rng1' was never mutated; consider changing to 'let' constant
        var rng1 = SeededGenerator(seed: 42)
        ~~~ ^
        let
/Users/gabrielnielsen/Developer/GameKit/gamekit/gamekitTests/Games/Snake/SnakeEngineTests.swift:29:13: warning: variable 'rng2' was never mutated; consider changing to 'let' constant
        var rng2 = SeededGenerator(seed: 42)
        ~~~ ^
        let
/Users/gabrielnielsen/Developer/GameKit/gamekit/gamekitTests/Games/Snake/SnakeEngineTests.swift:62:17: warning: variable 'rng' was never mutated; consider changing to 'let' constant
            var rng = SeededGenerator(seed: 99)
            ~~~ ^
            let
/Users/gabrielnielsen/Developer/GameKit/gamekit/gamekitTests/Games/Snake/SnakeEngineTests.swift:86:13: warning: variable 'rng' was never mutated; consider changing to 'let' constant
        var rng = SeededGenerator(seed: 1)
        ~~~ ^
        let
/Users/gabrielnielsen/Developer/GameKit/gamekit/gamekitTests/Games/Snake/SnakeEngineTests.swift:106:13: warning: variable 'rng' was never mutated; consider changing to 'let' constant
        var rng = SeededGenerator(seed: 2)
        ~~~ ^
        let
/Users/gabrielnielsen/Developer/GameKit/gamekit/gamekitTests/Games/Snake/SnakeEngineTests.swift:140:13: warning: variable 'rng' was never mutated; consider changing to 'let' constant
        var rng = SeededGenerator(seed: 7)
        ~~~ ^
        let
/Users/gabrielnielsen/Developer/GameKit/gamekit/gamekitTests/Games/Snake/SnakeEngineTests.swift:169:13: warning: variable 'rng' was never mutated; consider changing to 'let' constant
        var rng = SeededGenerator(seed: 3)
        ~~~ ^
        let
/Users/gabrielnielsen/Developer/GameKit/gamekit/gamekitTests/Games/Snake/SnakeEngineTests.swift:28:13: warning: variable 'rng1' was never mutated; consider changing to 'let' constant
        var rng1 = SeededGenerator(seed: 42)
        ~~~ ^
        let
/Users/gabrielnielsen/Developer/GameKit/gamekit/gamekitTests/Games/Snake/SnakeEngineTests.swift:29:13: warning: variable 'rng2' was never mutated; consider changing to 'let' constant
        var rng2 = SeededGenerator(seed: 42)
        ~~~ ^
        let
/Users/gabrielnielsen/Developer/GameKit/gamekit/gamekitTests/Games/Snake/SnakeEngineTests.swift:62:17: warning: variable 'rng' was never mutated; consider changing to 'let' constant
            var rng = SeededGenerator(seed: 99)
            ~~~ ^
            let
/Users/gabrielnielsen/Developer/GameKit/gamekit/gamekitTests/Games/Snake/SnakeEngineTests.swift:86:13: warning: variable 'rng' was never mutated; consider changing to 'let' constant
        var rng = SeededGenerator(seed: 1)
        ~~~ ^
        let
/Users/gabrielnielsen/Developer/GameKit/gamekit/gamekitTests/Games/Snake/SnakeEngineTests.swift:106:13: warning: variable 'rng' was never mutated; consider changing to 'let' constant
        var rng = SeededGenerator(seed: 2)
        ~~~ ^
        let
/Users/gabrielnielsen/Developer/GameKit/gamekit/gamekitTests/Games/Snake/SnakeEngineTests.swift:140:13: warning: variable 'rng' was never mutated; consider changing to 'let' constant
        var rng = SeededGenerator(seed: 7)
        ~~~ ^
        let
/Users/gabrielnielsen/Developer/GameKit/gamekit/gamekitTests/Games/Snake/SnakeEngineTests.swift:169:13: warning: variable 'rng' was never mutated; consider changing to 'let' constant
        var rng = SeededGenerator(seed: 3)
        ~~~ ^
        let
/Users/gabrielnielsen/Developer/GameKit/gamekit/gamekitTests/App/GameKitAppTests.swift:57:36: warning: comparing non-optional value of type 'VideoModeStore' to 'nil' always returns true
        #expect(env.videoModeStore != nil)
                ~~~~~~~~~~~~~~~~~~ ^  ~~~
Testing started
Test suite 'SudokuStatsIntegrationTests' started on 'Clone 1 of iPhone 17 - gamekit (59712)'
Test case 'SudokuStatsIntegrationTests.test_fasterWin_updatesBestTime_slowerWin_doesNot()' passed on 'Clone 1 of iPhone 17 - gamekit (59712)' (0.044 seconds)
Test case 'SudokuStatsIntegrationTests.test_recordLoss_doesNotUpdateBestTime()' passed on 'Clone 1 of iPhone 17 - gamekit (59712)' (0.031 seconds)
Test case 'SudokuStatsIntegrationTests.test_recordWin_createsGameRecordAndBestTime()' passed on 'Clone 1 of iPhone 17 - gamekit (59712)' (0.029 seconds)
Test case 'SudokuStatsIntegrationTests.test_wonPuzzleIDs_isolatedByGameKind()' passed on 'Clone 1 of iPhone 17 - gamekit (59712)' (0.029 seconds)
Test case 'SudokuStatsIntegrationTests.test_wonPuzzleIDs_returnsOnlyWonRecords_andOnlyForRequestedDifficulty()' passed on 'Clone 1 of iPhone 17 - gamekit (59712)' (0.029 seconds)
Test suite 'SnakeEngineTests' started on 'Clone 1 of iPhone 17 - gamekit (59712)'
Test suite 'HapticsTests' started on 'Clone 1 of iPhone 17 - gamekit (59712)'
Test suite 'SolitaireDeadEndTests' started on 'Clone 1 of iPhone 17 - gamekit (59712)'
Test suite 'GameStatsTests' started on 'Clone 1 of iPhone 17 - gamekit (59712)'
Test suite 'SudokuHintTests' started on 'Clone 1 of iPhone 17 - gamekit (59712)'
Test suite 'StableHashTests' started on 'Clone 1 of iPhone 17 - gamekit (59712)'
Test suite 'SettingsStoreFlagsTests' started on 'Clone 1 of iPhone 17 - gamekit (59712)'
Test suite 'ArcadeLoopDriverTests' started on 'Clone 1 of iPhone 17 - gamekit (59712)'
Test suite 'StatsExporterTests' started on 'Clone 1 of iPhone 17 - gamekit (59712)'
Test suite 'ArcadeRunSummaryTests' started on 'Clone 1 of iPhone 17 - gamekit (59712)'
Test suite 'MinesweeperPhaseTransitionTests' started on 'Clone 1 of iPhone 17 - gamekit (59712)'
Test suite 'SnakeViewModelTests' started on 'Clone 1 of iPhone 17 - gamekit (59712)'
Test suite 'FiveLetterViewModelTests' started on 'Clone 1 of iPhone 17 - gamekit (59712)'
Test suite 'WordHintTests' started on 'Clone 1 of iPhone 17 - gamekit (59712)'
Test suite 'NonogramCrossOffTests' started on 'Clone 1 of iPhone 17 - gamekit (59712)'
Test suite 'NonogramTalkthroughWiringTests' started on 'Clone 1 of iPhone 17 - gamekit (59712)'
Test suite 'AssistRecordSemanticsTests' started on 'Clone 1 of iPhone 17 - gamekit (59712)'
Test suite 'NonogramSaveStateTests' started on 'Clone 1 of iPhone 17 - gamekit (59712)'
Test suite 'AuthStoreTests' started on 'Clone 1 of iPhone 17 - gamekit (59712)'
Test suite 'VideoModeBannerHapticsGateTests' started on 'Clone 1 of iPhone 17 - gamekit (59712)'
Test suite 'NonogramSeenTrackingTests' started on 'Clone 1 of iPhone 17 - gamekit (59712)'
Test suite 'BoardGeneratorTests' started on 'Clone 1 of iPhone 17 - gamekit (59712)'
Test suite 'SudokuFreeModeFeedbackTests' started on 'Clone 1 of iPhone 17 - gamekit (59712)'
Test suite 'VideoModeEnvironmentTests' started on 'Clone 1 of iPhone 17 - gamekit (59712)'
Test suite 'HintHighlightTests' started on 'Clone 1 of iPhone 17 - gamekit (59712)'
Test suite 'NonogramTalkthroughTests' started on 'Clone 1 of iPhone 17 - gamekit (59712)'
Test suite 'AppStartupReconfigureTests' started on 'Clone 1 of iPhone 17 - gamekit (59712)'
Test suite 'FiveLetterDailyAnswerTests' started on 'Clone 1 of iPhone 17 - gamekit (59712)'
Test suite 'NonogramContradictionTests' started on 'Clone 1 of iPhone 17 - gamekit (59712)'
Test suite 'VideoModeStoreTests' started on 'Clone 1 of iPhone 17 - gamekit (59712)'
Test suite 'AppStartupFeedbackStateTests' started on 'Clone 1 of iPhone 17 - gamekit (59712)'
Test suite 'WinDetectorTests' started on 'Clone 1 of iPhone 17 - gamekit (59712)'
Test suite 'SnakeGameViewTests' started on 'Clone 1 of iPhone 17 - gamekit (59712)'
Test suite 'MinesweeperBoardLayoutTests' started on 'Clone 1 of iPhone 17 - gamekit (59712)'
Test suite 'NonogramPickerTests' started on 'Clone 1 of iPhone 17 - gamekit (59712)'
Test suite 'SolitaireUndoPersistenceTests' started on 'Clone 1 of iPhone 17 - gamekit (59712)'
Test suite 'MinesweeperHintWiringTests' started on 'Clone 1 of iPhone 17 - gamekit (59712)'
Test suite 'GameKitAppTests' started on 'Clone 1 of iPhone 17 - gamekit (59712)'
Test suite 'FiveLetterAssistTests' started on 'Clone 1 of iPhone 17 - gamekit (59712)'
Test suite 'FreeCellHintTests' started on 'Clone 1 of iPhone 17 - gamekit (59712)'
Test suite 'RevealEngineTests' started on 'Clone 1 of iPhone 17 - gamekit (59712)'
Test suite 'MergeEngineTests' started on 'Clone 1 of iPhone 17 - gamekit (59712)'
Test suite 'VideoModeBannerAnchorTests' started on 'Clone 1 of iPhone 17 - gamekit (59712)'
Test suite 'StackEngineTests' started on 'Clone 1 of iPhone 17 - gamekit (59712)'
Test suite 'VideoLocationPickerViewTests' started on 'Clone 1 of iPhone 17 - gamekit (59712)'
Test suite 'ModelContainerSmokeTests' started on 'Clone 1 of iPhone 17 - gamekit (59712)'
Test suite 'MergeBestScoreTests' started on 'Clone 1 of iPhone 17 - gamekit (59712)'
Test suite 'NonogramSlideGestureTests' started on 'Clone 1 of iPhone 17 - gamekit (59712)'
Test suite 'VideoModeAwareTests' started on 'Clone 1 of iPhone 17 - gamekit (59712)'
Test suite 'FiveLetterFeedbackTests' started on 'Clone 1 of iPhone 17 - gamekit (59712)'
Test suite 'LocalizableCatalogTests' started on 'Clone 1 of iPhone 17 - gamekit (59712)'
Test suite 'SC5RegressionTests' started on 'Clone 1 of iPhone 17 - gamekit (59712)'
Test suite 'MinesweeperHintTests' started on 'Clone 1 of iPhone 17 - gamekit (59712)'
Test suite 'NonogramHintPresentationTests' started on 'Clone 1 of iPhone 17 - gamekit (59712)'
Test suite 'MinesweeperReplayBoardTests' started on 'Clone 1 of iPhone 17 - gamekit (59712)'
Test suite 'BoardSpawnerTests' started on 'Clone 1 of iPhone 17 - gamekit (59712)'
Test suite 'SFXPlayerTests' started on 'Clone 1 of iPhone 17 - gamekit (59712)'
Test suite 'MinesweeperViewModelTests' started on 'Clone 1 of iPhone 17 - gamekit (59712)'
Test suite 'SettingsViewTests' started on 'Clone 1 of iPhone 17 - gamekit (59712)'
Test suite 'WordGridEngineTests' started on 'Clone 1 of iPhone 17 - gamekit (59712)'
Test suite 'MergeViewModelTests' started on 'Clone 1 of iPhone 17 - gamekit (59712)'
Test suite 'GameAssistPlacementTests' started on 'Clone 1 of iPhone 17 - gamekit (59712)'
Test suite 'GameOverDetectorTests' started on 'Clone 1 of iPhone 17 - gamekit (59712)'
Test suite 'VideoModeSlotRouterTests' started on 'Clone 1 of iPhone 17 - gamekit (59712)'
Test suite 'CloudSyncStatusObserverTests' started on 'Clone 1 of iPhone 17 - gamekit (59712)'
Test suite 'NonogramGeneratorTests' started on 'Clone 1 of iPhone 17 - gamekit (59712)'
Test case 'SFXPlayerTests/init_preloadsAllThreeAVAudioPlayers()' skipped on 'Clone 1 of iPhone 17 - gamekit (59712)' (0.000 seconds)
Test suite 'MinesweeperViewModelTests/MineCounterTests' started on 'Clone 1 of iPhone 17 - gamekit (59712)'
Test suite 'MinesweeperViewModelTests/DifficultyChangeAlertTests' started on 'Clone 1 of iPhone 17 - gamekit (59712)'
Test suite 'MinesweeperViewModelTests/DifficultyPersistenceTests' started on 'Clone 1 of iPhone 17 - gamekit (59712)'
Test suite 'MinesweeperViewModelTests/LossContextTests' started on 'Clone 1 of iPhone 17 - gamekit (59712)'
Test suite 'MinesweeperViewModelTests/TerminalStateTests' started on 'Clone 1 of iPhone 17 - gamekit (59712)'
Test suite 'MinesweeperViewModelTests/TimerStateTests' started on 'Clone 1 of iPhone 17 - gamekit (59712)'
Test suite 'MinesweeperViewModelTests/RevealAndFlagTests' started on 'Clone 1 of iPhone 17 - gamekit (59712)'
Test suite 'MinesweeperViewModelTests/InteractionModeTests' started on 'Clone 1 of iPhone 17 - gamekit (59712)'
Test suite 'MinesweeperViewModelTests/RestartTests' started on 'Clone 1 of iPhone 17 - gamekit (59712)'
Test case 'BoardGeneratorTests/firstTapSafeAtFarCorner_Hard(seed:)' passed on 'Clone 1 of iPhone 17 - gamekit (59712)' (0.000 seconds)
Test case 'BoardGeneratorTests/firstTapSafeAtFarCorner_Hard(seed:)' passed on 'Clone 1 of iPhone 17 - gamekit (59712)' (0.000 seconds)
Test case 'BoardGeneratorTests/firstTapSafeAtFarCorner_Hard(seed:)' passed on 'Clone 1 of iPhone 17 - gamekit (59712)' (0.000 seconds)
Test case 'BoardGeneratorTests/firstTapSafeAtFarCorner_Hard(seed:)' passed on 'Clone 1 of iPhone 17 - gamekit (59712)' (0.000 seconds)
Test case 'BoardGeneratorTests/firstTapSafeAtFarCorner_Hard(seed:)' passed on 'Clone 1 of iPhone 17 - gamekit (59712)' (0.000 seconds)
Test case 'BoardGeneratorTests/firstTapSafeAtFarCorner_Hard(seed:)' passed on 'Clone 1 of iPhone 17 - gamekit (59712)' (0.000 seconds)
Test case 'BoardGeneratorTests/firstTapSafeAtFarCorner_Hard(seed:)' passed on 'Clone 1 of iPhone 17 - gamekit (59712)' (0.000 seconds)
Test case 'BoardGeneratorTests/firstTapSafeAtFarCorner_Hard(seed:)' passed on 'Clone 1 of iPhone 17 - gamekit (59712)' (0.000 seconds)
Test case 'BoardGeneratorTests/firstTapSafeAtFarCorner_Hard(seed:)' passed on 'Clone 1 of iPhone 17 - gamekit (59712)' (0.000 seconds)
Test case 'BoardGeneratorTests/firstTapSafeAtFarCorner_Hard(seed:)' passed on 'Clone 1 of iPhone 17 - gamekit (59712)' (0.000 seconds)
Test case 'BoardGeneratorTests/firstTapSafeAtFarCorner_Hard(seed:)' passed on 'Clone 1 of iPhone 17 - gamekit (59712)' (0.000 seconds)
Test case 'BoardGeneratorTests/firstTapSafeAtFarCorner_Hard(seed:)' passed on 'Clone 1 of iPhone 17 - gamekit (59712)' (0.000 seconds)
Test case 'BoardGeneratorTests/firstTapSafeAtFarCorner_Hard(seed:)' passed on 'Clone 1 of iPhone 17 - gamekit (59712)' (0.000 seconds)
Test case 'BoardGeneratorTests/firstTapSafeAtFarCorner_Hard(seed:)' passed on 'Clone 1 of iPhone 17 - gamekit (59712)' (0.000 seconds)
Test case 'BoardGeneratorTests/firstTapSafeAtFarCorner_Hard(seed:)' passed on 'Clone 1 of iPhone 17 - gamekit (59712)' (0.000 seconds)
Test case 'BoardGeneratorTests/firstTapSafeAtFarCorner_Hard(seed:)' passed on 'Clone 1 of iPhone 17 - gamekit (59712)' (0.000 seconds)
Test case 'BoardGeneratorTests/firstTapSafeAtFarCorner_Hard(seed:)' passed on 'Clone 1 of iPhone 17 - gamekit (59712)' (0.000 seconds)
Test case 'BoardGeneratorTests/firstTapSafeAtFarCorner_Hard(seed:)' passed on 'Clone 1 of iPhone 17 - gamekit (59712)' (0.000 seconds)
Test case 'BoardGeneratorTests/firstTapSafeAtFarCorner_Hard(seed:)' passed on 'Clone 1 of iPhone 17 - gamekit (59712)' (0.000 seconds)
Test case 'BoardGeneratorTests/firstTapSafeAtFarCorner_Hard(seed:)' passed on 'Clone 1 of iPhone 17 - gamekit (59712)' (0.000 seconds)
Test case 'BoardGeneratorTests/firstTapSafeAtFarCorner_Hard(seed:)' passed on 'Clone 1 of iPhone 17 - gamekit (59712)' (0.000 seconds)
Test case 'BoardGeneratorTests/firstTapSafeAtFarCorner_Hard(seed:)' passed on 'Clone 1 of iPhone 17 - gamekit (59712)' (0.000 seconds)
Test case 'BoardGeneratorTests/firstTapSafeAtFarCorner_Hard(seed:)' passed on 'Clone 1 of iPhone 17 - gamekit (59712)' (0.000 seconds)
Test case 'BoardGeneratorTests/firstTapSafeAtFarCorner_Hard(seed:)' passed on 'Clone 1 of iPhone 17 - gamekit (59712)' (0.000 seconds)
Test case 'BoardGeneratorTests/firstTapSafeAtFarCorner_Hard(seed:)' passed on 'Clone 1 of iPhone 17 - gamekit (59712)' (0.000 seconds)
Test case 'BoardGeneratorTests/firstTapSafeAtFarCorner_Hard(seed:)' passed on 'Clone 1 of iPhone 17 - gamekit (59712)' (0.000 seconds)
Test case 'BoardGeneratorTests/firstTapSafeAtFarCorner_Hard(seed:)' passed on 'Clone 1 of iPhone 17 - gamekit (59712)' (0.000 seconds)
Test case 'BoardGeneratorTests/firstTapSafeAtFarCorner_Hard(seed:)' passed on 'Clone 1 of iPhone 17 - gamekit (59712)' (0.000 seconds)
Test case 'BoardGeneratorTests/firstTapSafeAtFarCorner_Hard(seed:)' passed on 'Clone 1 of iPhone 17 - gamekit (59712)' (0.000 seconds)
Test case 'BoardGeneratorTests/firstTapSafeAtInterior_Hard(seed:)' passed on 'Clone 1 of iPhone 17 - gamekit (59712)' (0.000 seconds)
Test case 'BoardGeneratorTests/firstTapSafeAtFarCorner_Hard(seed:)' passed on 'Clone 1 of iPhone 17 - gamekit (59712)' (0.000 seconds)
Test case 'BoardGeneratorTests/firstTapSafeAtFarCorner_Hard(seed:)' passed on 'Clone 1 of iPhone 17 - gamekit (59712)' (0.000 seconds)
Test case 'BoardGeneratorTests/firstTapSafeAtFarCorner_Hard(seed:)' passed on 'Clone 1 of iPhone 17 - gamekit (59712)' (0.000 seconds)
Test case 'BoardGeneratorTests/firstTapSafeAtFarCorner_Hard(seed:)' passed on 'Clone 1 of iPhone 17 - gamekit (59712)' (0.000 seconds)
Test case 'BoardGeneratorTests/firstTapSafeAtFarCorner_Hard(seed:)' passed on 'Clone 1 of iPhone 17 - gamekit (59712)' (0.000 seconds)
Test case 'BoardGeneratorTests/firstTapSafeAtFarCorner_Hard(seed:)' passed on 'Clone 1 of iPhone 17 - gamekit (59712)' (0.000 seconds)
Test case 'BoardGeneratorTests/firstTapSafeAtInterior_Hard(seed:)' passed on 'Clone 1 of iPhone 17 - gamekit (59712)' (0.000 seconds)
Test case 'BoardGeneratorTests/firstTapSafeAtInterior_Hard(seed:)' passed on 'Clone 1 of iPhone 17 - gamekit (59712)' (0.000 seconds)
Test case 'BoardGeneratorTests/firstTapSafeAtFarCorner_Hard(seed:)' passed on 'Clone 1 of iPhone 17 - gamekit (59712)' (0.000 seconds)
Test case 'BoardGeneratorTests/firstTapSafeAtFarCorner_Hard(seed:)' passed on 'Clone 1 of iPhone 17 - gamekit (59712)' (0.000 seconds)
Test case 'BoardGeneratorTests/firstTapSafeAtFarCorner_Hard(seed:)' passed on 'Clone 1 of iPhone 17 - gamekit (59712)' (0.000 seconds)
Test case 'BoardGeneratorTests/firstTapSafeAtFarCorner_Hard(seed:)' passed on 'Clone 1 of iPhone 17 - gamekit (59712)' (0.000 seconds)
Test case 'BoardGeneratorTests/firstTapSafeAtInterior_Hard(seed:)' passed on 'Clone 1 of iPhone 17 - gamekit (59712)' (0.000 seconds)
Test case 'BoardGeneratorTests/firstTapSafeAtInterior_Hard(seed:)' passed on 'Clone 1 of iPhone 17 - gamekit (59712)' (0.000 seconds)
Test case 'BoardGeneratorTests/mineCountAlwaysExact_easy(seed:)' passed on 'Clone 1 of iPhone 17 - gamekit (59712)' (0.000 seconds)
Test case 'BoardGeneratorTests/firstTapSafeAtFarCorner_Hard(seed:)' passed on 'Clone 1 of iPhone 17 - gamekit (59712)' (0.000 seconds)
Test case 'BoardGeneratorTests/firstTapSafeAtFarCorner_Hard(seed:)' passed on 'Clone 1 of iPhone 17 - gamekit (59712)' (0.000 seconds)
Test case 'BoardGeneratorTests/firstTapSafeAtInterior_Hard(seed:)' passed on 'Clone 1 of iPhone 17 - gamekit (59712)' (0.000 seconds)
Test case 'BoardGeneratorTests/firstTapSafeAtFarCorner_Hard(seed:)' passed on 'Clone 1 of iPhone 17 - gamekit (59712)' (0.000 seconds)
Test case 'BoardGeneratorTests/firstTapSafeAtInterior_Hard(seed:)' passed on 'Clone 1 of iPhone 17 - gamekit (59712)' (0.000 seconds)
Test case 'BoardGeneratorTests/mineCountAlwaysExact_easy(seed:)' passed on 'Clone 1 of iPhone 17 - gamekit (59712)' (0.000 seconds)
Test case 'BoardGeneratorTests/mineCountAlwaysExact_easy(seed:)' passed on 'Clone 1 of iPhone 17 - gamekit (59712)' (0.000 seconds)
Test case 'BoardGeneratorTests/mineCountAlwaysExact_easy(seed:)' passed on 'Clone 1 of iPhone 17 - gamekit (59712)' (0.000 seconds)
Test case 'BoardGeneratorTests/mineCountAlwaysExact_easy(seed:)' passed on 'Clone 1 of iPhone 17 - gamekit (59712)' (0.000 seconds)
Test case 'BoardGeneratorTests/firstTapSafeAtInterior_Hard(seed:)' passed on 'Clone 1 of iPhone 17 - gamekit (59712)' (0.000 seconds)
Test case 'BoardGeneratorTests/firstTapSafeAtInterior_Hard(seed:)' passed on 'Clone 1 of iPhone 17 - gamekit (59712)' (0.000 seconds)
Test case 'BoardGeneratorTests/firstTapSafeAtInterior_Hard(seed:)' passed on 'Clone 1 of iPhone 17 - gamekit (59712)' (0.000 seconds)
Test case 'BoardGeneratorTests/firstTapSafeAtFarCorner_Hard(seed:)' passed on 'Clone 1 of iPhone 17 - gamekit (59712)' (0.000 seconds)
Test case 'BoardGeneratorTests/firstTapSafeAtInterior_Hard(seed:)' passed on 'Clone 1 of iPhone 17 - gamekit (59712)' (0.000 seconds)
Test case 'BoardGeneratorTests/firstTapSafeAtFarCorner_Hard(seed:)' passed on 'Clone 1 of iPhone 17 - gamekit (59712)' (0.000 seconds)
Test case 'BoardGeneratorTests/mineCountAlwaysExact_easy(seed:)' passed on 'Clone 1 of iPhone 17 - gamekit (59712)' (0.000 seconds)
Test case 'BoardGeneratorTests/firstTapSafeAtFarCorner_Hard(seed:)' passed on 'Clone 1 of iPhone 17 - gamekit (59712)' (0.000 seconds)
Test case 'BoardGeneratorTests/firstTapSafeAtInterior_Hard(seed:)' passed on 'Clone 1 of iPhone 17 - gamekit (59712)' (0.000 seconds)
Test case 'BoardGeneratorTests/mineCountAlwaysExact_easy(seed:)' passed on 'Clone 1 of iPhone 17 - gamekit (59712)' (0.000 seconds)
Test case 'BoardGeneratorTests/firstTapSafeAtFarCorner_Hard(seed:)' passed on 'Clone 1 of iPhone 17 - gamekit (59712)' (0.000 seconds)
Test case 'BoardGeneratorTests/firstTapSafeAtFarCorner_Hard(seed:)' passed on 'Clone 1 of iPhone 17 - gamekit (59712)' (0.000 seconds)
Test case 'BoardGeneratorTests/mineCountAlwaysExact_easy(seed:)' passed on 'Clone 1 of iPhone 17 - gamekit (59712)' (0.000 seconds)
Test case 'BoardGeneratorTests/firstTapSafeAtFarCorner_Hard(seed:)' passed on 'Clone 1 of iPhone 17 - gamekit (59712)' (0.000 seconds)
Test case 'BoardGeneratorTests/mineCountAlwaysExact_easy(seed:)' passed on 'Clone 1 of iPhone 17 - gamekit (59712)' (0.000 seconds)
Test case 'BoardGeneratorTests/firstTapSafeAtCorner_Hard(seed:)' passed on 'Clone 1 of iPhone 17 - gamekit (59712)' (0.000 seconds)
Test case 'BoardGeneratorTests/firstTapSafeAtInterior_Hard(seed:)' passed on 'Clone 1 of iPhone 17 - gamekit (59712)' (0.000 seconds)
Test case 'BoardGeneratorTests/firstTapSafeAtCorner_Hard(seed:)' passed on 'Clone 1 of iPhone 17 - gamekit (59712)' (0.000 seconds)
Test case 'BoardGeneratorTests/firstTapSafeAtInterior_Hard(seed:)' passed on 'Clone 1 of iPhone 17 - gamekit (59712)' (0.000 seconds)
Test case 'BoardGeneratorTests/firstTapSafeAtCorner_Hard(seed:)' passed on 'Clone 1 of iPhone 17 - gamekit (59712)' (0.000 seconds)
Test case 'BoardGeneratorTests/firstTapSafeAtInterior_Hard(seed:)' passed on 'Clone 1 of iPhone 17 - gamekit (59712)' (0.000 seconds)
Test case 'BoardGeneratorTests/mineCountAlwaysExact_easy(seed:)' passed on 'Clone 1 of iPhone 17 - gamekit (59712)' (0.000 seconds)
Test case 'BoardGeneratorTests/firstTapSafeAtFarCorner_Hard(seed:)' passed on 'Clone 1 of iPhone 17 - gamekit (59712)' (0.000 seconds)
Test case 'BoardGeneratorTests/firstTapSafeAtFarCorner_Hard(seed:)' passed on 'Clone 1 of iPhone 17 - gamekit (59712)' (0.000 seconds)
Test case 'BoardGeneratorTests/firstTapSafeAtInterior_Hard(seed:)' passed on 'Clone 1 of iPhone 17 - gamekit (59712)' (0.000 seconds)
Test case 'BoardGeneratorTests/firstTapSafeAtFarCorner_Hard(seed:)' passed on 'Clone 1 of iPhone 17 - gamekit (59712)' (0.000 seconds)
Test case 'BoardGeneratorTests/mineCountAlwaysExact_easy(seed:)' passed on 'Clone 1 of iPhone 17 - gamekit (59712)' (0.000 seconds)
Test case 'BoardGeneratorTests/firstTapSafeAtFarCorner_Hard(seed:)' passed on 'Clone 1 of iPhone 17 - gamekit (59712)' (0.000 seconds)
Test case 'BoardGeneratorTests/firstTapSafeAtCorner_Hard(seed:)' passed on 'Clone 1 of iPhone 17 - gamekit (59712)' (0.000 seconds)
Test case 'BoardGeneratorTests/mineCountAlwaysExact_easy(seed:)' passed on 'Clone 1 of iPhone 17 - gamekit (59712)' (0.000 seconds)
Test case 'BoardGeneratorTests/firstTapSafeAtInterior_Hard(seed:)' passed on 'Clone 1 of iPhone 17 - gamekit (59712)' (0.000 seconds)
Test case 'BoardGeneratorTests/firstTapSafeAtInterior_Hard(seed:)' passed on 'Clone 1 of iPhone 17 - gamekit (59712)' (0.000 seconds)
Test case 'BoardGeneratorTests/mineCountAlwaysExact_easy(seed:)' passed on 'Clone 1 of iPhone 17 - gamekit (59712)' (0.000 seconds)
Test case 'BoardGeneratorTests/firstTapSafeAtCorner_Hard(seed:)' passed on 'Clone 1 of iPhone 17 - gamekit (59712)' (0.000 seconds)
Test case 'BoardGeneratorTests/firstTapSafeAtFarCorner_Hard(seed:)' passed on 'Clone 1 of iPhone 17 - gamekit (59712)' (0.000 seconds)
Test case 'BoardGeneratorTests/firstTapSafeAtInterior_Hard(seed:)' passed on 'Clone 1 of iPhone 17 - gamekit (59712)' (0.000 seconds)
Test case 'BoardGeneratorTests/firstTapSafeAtCorner_Hard(seed:)' passed on 'Clone 1 of iPhone 17 - gamekit (59712)' (0.000 seconds)
Test case 'BoardGeneratorTests/firstTapSafeAtFarCorner_Hard(seed:)' passed on 'Clone 1 of iPhone 17 - gamekit (59712)' (0.000 seconds)
Test case 'BoardGeneratorTests/mineCountAlwaysExact_easy(seed:)' passed on 'Clone 1 of iPhone 17 - gamekit (59712)' (0.000 seconds)
Test case 'BoardGeneratorTests/adjacencyMatchesReference(seed:)' passed on 'Clone 1 of iPhone 17 - gamekit (59712)' (0.000 seconds)
Test case 'BoardGeneratorTests/firstTapSafeAtCorner_Hard(seed:)' passed on 'Clone 1 of iPhone 17 - gamekit (59712)' (0.000 seconds)
Test case 'BoardGeneratorTests/adjacencyMatchesReference(seed:)' passed on 'Clone 1 of iPhone 17 - gamekit (59712)' (0.000 seconds)
Test case 'BoardGeneratorTests/firstTapSafeAtInterior_Hard(seed:)' passed on 'Clone 1 of iPhone 17 - gamekit (59712)' (0.000 seconds)
Test case 'BoardGeneratorTests/firstTapSafeAtCorner_Hard(seed:)' passed on 'Clone 1 of iPhone 17 - gamekit (59712)' (0.000 seconds)
Test case 'BoardGeneratorTests/firstTapSafeAtFarCorner_Hard(seed:)' passed on 'Clone 1 of iPhone 17 - gamekit (59712)' (0.000 seconds)
Test case 'BoardGeneratorTests/mineCountAlwaysExact_easy(seed:)' passed on 'Clone 1 of iPhone 17 - gamekit (59712)' (0.000 seconds)
Test case 'BoardGeneratorTests/firstTapSafeAtCorner_Hard(seed:)' passed on 'Clone 1 of iPhone 17 - gamekit (59712)' (0.000 seconds)
Test case 'BoardGeneratorTests/mineCountAlwaysExact_easy(seed:)' passed on 'Clone 1 of iPhone 17 - gamekit (59712)' (0.000 seconds)
Test case 'BoardGeneratorTests/firstTapSafeAtFarCorner_Hard(seed:)' passed on 'Clone 1 of iPhone 17 - gamekit (59712)' (0.000 seconds)
Test case 'BoardGeneratorTests/adjacencyMatchesReference(seed:)' passed on 'Clone 1 of iPhone 17 - gamekit (59712)' (0.000 seconds)
Test case 'BoardGeneratorTests/mineCountAlwaysExact_easy(seed:)' passed on 'Clone 1 of iPhone 17 - gamekit (59712)' (0.000 seconds)
Test case 'BoardGeneratorTests/firstTapSafeAtFarCorner_Hard(seed:)' passed on 'Clone 1 of iPhone 17 - gamekit (59712)' (0.000 seconds)
Test case 'BoardGeneratorTests/firstTapSafeAtInterior_Hard(seed:)' passed on 'Clone 1 of iPhone 17 - gamekit (59712)' (0.000 seconds)
Test case 'BoardGeneratorTests/firstTapSafeAtInterior_Hard(seed:)' passed on 'Clone 1 of iPhone 17 - gamekit (59712)' (0.000 seconds)
Test case 'BoardGeneratorTests/firstTapSafeAtCorner_Hard(seed:)' passed on 'Clone 1 of iPhone 17 - gamekit (59712)' (0.000 seconds)
Test case 'BoardGeneratorTests/firstTapSafeAtCorner_Hard(seed:)' passed on 'Clone 1 of iPhone 17 - gamekit (59712)' (0.000 seconds)
Test case 'BoardGeneratorTests/firstTapSafeAtFarCorner_Hard(seed:)' passed on 'Clone 1 of iPhone 17 - gamekit (59712)' (0.000 seconds)
Test case 'BoardGeneratorTests/firstTapSafeAtInterior_Hard(seed:)' passed on 'Clone 1 of iPhone 17 - gamekit (59712)' (0.000 seconds)
Test case 'BoardGeneratorTests/adjacencyMatchesReference(seed:)' passed on 'Clone 1 of iPhone 17 - gamekit (59712)' (0.000 seconds)
Test case 'BoardGeneratorTests/firstTapSafeAtInterior_Hard(seed:)' passed on 'Clone 1 of iPhone 17 - gamekit (59712)' (0.000 seconds)
Test case 'BoardGeneratorTests/mineCountAlwaysExact_easy(seed:)' passed on 'Clone 1 of iPhone 17 - gamekit (59712)' (0.000 seconds)
Test case 'BoardGeneratorTests/firstTapSafeAtCorner_Hard(seed:)' passed on 'Clone 1 of iPhone 17 - gamekit (59712)' (0.000 seconds)
Test case 'BoardGeneratorTests/adjacencyMatchesReference(seed:)' passed on 'Clone 1 of iPhone 17 - gamekit (59712)' (0.000 seconds)
Test case 'BoardGeneratorTests/mineCountAlwaysExact_easy(seed:)' passed on 'Clone 1 of iPhone 17 - gamekit (59712)' (0.000 seconds)
Test case 'BoardGeneratorTests/adjacencyMatchesReference(seed:)' passed on 'Clone 1 of iPhone 17 - gamekit (59712)' (0.000 seconds)
Test case 'BoardGeneratorTests/firstTapSafeAtFarCorner_Hard(seed:)' passed on 'Clone 1 of iPhone 17 - gamekit (59712)' (0.000 seconds)
Test case 'BoardGeneratorTests/firstTapSafeAtCorner_Hard(seed:)' passed on 'Clone 1 of iPhone 17 - gamekit (59712)' (0.000 seconds)
Test case 'BoardGeneratorTests/mineCountAlwaysExact_easy(seed:)' passed on 'Clone 1 of iPhone 17 - gamekit (59712)' (0.000 seconds)
Test case 'BoardGeneratorTests/firstTapSafeAtInterior_Hard(seed:)' passed on 'Clone 1 of iPhone 17 - gamekit (59712)' (0.000 seconds)
Test case 'BoardGeneratorTests/adjacencyMatchesReference(seed:)' passed on 'Clone 1 of iPhone 17 - gamekit (59712)' (0.000 seconds)
Test case 'BoardGeneratorTests/firstTapSafeAtInterior_Hard(seed:)' passed on 'Clone 1 of iPhone 17 - gamekit (59712)' (0.000 seconds)
Test case 'BoardGeneratorTests/firstTapSafeAtFarCorner_Hard(seed:)' passed on 'Clone 1 of iPhone 17 - gamekit (59712)' (0.000 seconds)
Test case 'BoardGeneratorTests/mineCountAlwaysExact_easy(seed:)' passed on 'Clone 1 of iPhone 17 - gamekit (59712)' (0.000 seconds)
Test case 'BoardGeneratorTests/adjacencyMatchesReference(seed:)' passed on 'Clone 1 of iPhone 17 - gamekit (59712)' (0.000 seconds)
Test case 'BoardGeneratorTests/firstTapSafeAtCorner_Hard(seed:)' passed on 'Clone 1 of iPhone 17 - gamekit (59712)' (0.000 seconds)
Test case 'BoardGeneratorTests/firstTapSafeAtInterior_Hard(seed:)' passed on 'Clone 1 of iPhone 17 - gamekit (59712)' (0.000 seconds)
Test case 'BoardGeneratorTests/adjacencyMatchesReference(seed:)' passed on 'Clone 1 of iPhone 17 - gamekit (59712)' (0.000 seconds)
Test case 'BoardGeneratorTests/mineCountAlwaysExact_easy(seed:)' passed on 'Clone 1 of iPhone 17 - gamekit (59712)' (0.000 seconds)
Test case 'BoardGeneratorTests/firstTapSafeAtFarCorner_Hard(seed:)' passed on 'Clone 1 of iPhone 17 - gamekit (59712)' (0.000 seconds)
Test case 'BoardGeneratorTests/firstTapSafeAtCorner_Hard(seed:)' passed on 'Clone 1 of iPhone 17 - gamekit (59712)' (0.000 seconds)
Test case 'BoardGeneratorTests/firstTapSafeAtFarCorner_Hard(seed:)' passed on 'Clone 1 of iPhone 17 - gamekit (59712)' (0.000 seconds)
Test case 'BoardGeneratorTests/firstTapSafeAtInterior_Hard(seed:)' passed on 'Clone 1 of iPhone 17 - gamekit (59712)' (0.000 seconds)
Test case 'BoardGeneratorTests/mineCountAlwaysExact_easy(seed:)' passed on 'Clone 1 of iPhone 17 - gamekit (59712)' (0.000 seconds)
Test case 'BoardGeneratorTests/adjacencyMatchesReference(seed:)' passed on 'Clone 1 of iPhone 17 - gamekit (59712)' (0.000 seconds)
Test case 'BoardGeneratorTests/firstTapSafeAtFarCorner_Hard(seed:)' passed on 'Clone 1 of iPhone 17 - gamekit (59712)' (0.000 seconds)
Test case 'BoardGeneratorTests/firstTapSafeAtCorner_Hard(seed:)' passed on 'Clone 1 of iPhone 17 - gamekit (59712)' (0.000 seconds)
Test case 'BoardGeneratorTests/firstTapSafeAtCorner_Hard(seed:)' passed on 'Clone 1 of iPhone 17 - gamekit (59712)' (0.000 seconds)
Test case 'BoardGeneratorTests/firstTapSafeAtInterior_Hard(seed:)' passed on 'Clone 1 of iPhone 17 - gamekit (59712)' (0.000 seconds)
Test case 'BoardGeneratorTests/firstTapSafeAtFarCorner_Hard(seed:)' passed on 'Clone 1 of iPhone 17 - gamekit (59712)' (0.000 seconds)
Test case 'BoardGeneratorTests/adjacencyMatchesReference(seed:)' passed on 'Clone 1 of iPhone 17 - gamekit (59712)' (0.000 seconds)
Test case 'BoardGeneratorTests/firstTapSafeAtCorner_Easy(seed:)' passed on 'Clone 1 of iPhone 17 - gamekit (59712)' (0.000 seconds)
Test case 'BoardGeneratorTests/mineCountAlwaysExact_easy(seed:)' passed on 'Clone 1 of iPhone 17 - gamekit (59712)' (0.000 seconds)
Test case 'BoardGeneratorTests/firstTapSafeAtCorner_Easy(seed:)' passed on 'Clone 1 of iPhone 17 - gamekit (59712)' (0.000 seconds)
Test case 'BoardGeneratorTests/firstTapSafeAtCorner_Hard(seed:)' passed on 'Clone 1 of iPhone 17 - gamekit (59712)' (0.000 seconds)
Test case 'BoardGeneratorTests/firstTapSafeAtCorner_Easy(seed:)' passed on 'Clone 1 of iPhone 17 - gamekit (59712)' (0.000 seconds)
Test case 'BoardGeneratorTests/firstTapSafeAtInterior_Hard(seed:)' passed on 'Clone 1 of iPhone 17 - gamekit (59712)' (0.000 seconds)
Test case 'BoardGeneratorTests/firstTapSafeAtFarCorner_Hard(seed:)' passed on 'Clone 1 of iPhone 17 - gamekit (59712)' (0.000 seconds)
Test case 'BoardGeneratorTests/adjacencyMatchesReference(seed:)' passed on 'Clone 1 of iPhone 17 - gamekit (59712)' (0.000 seconds)
Test case 'BoardGeneratorTests/mineCountAlwaysExact_easy(seed:)' passed on 'Clone 1 of iPhone 17 - gamekit (59712)' (0.000 seconds)
Test case 'BoardGeneratorTests/mineCountAlwaysExact_easy(seed:)' passed on 'Clone 1 of iPhone 17 - gamekit (59712)' (0.000 seconds)
Test case 'BoardGeneratorTests/firstTapSafeAtCorner_Easy(seed:)' passed on 'Clone 1 of iPhone 17 - gamekit (59712)' (0.000 seconds)
Test case 'BoardGeneratorTests/firstTapSafeAtInterior_Hard(seed:)' passed on 'Clone 1 of iPhone 17 - gamekit (59712)' (0.000 seconds)
Test case 'BoardGeneratorTests/firstTapSafeAtFarCorner_Hard(seed:)' passed on 'Clone 1 of iPhone 17 - gamekit (59712)' (0.000 seconds)
Test case 'BoardGeneratorTests/mineCountAlwaysExact_easy(seed:)' passed on 'Clone 1 of iPhone 17 - gamekit (59712)' (0.000 seconds)
Test case 'BoardGeneratorTests/adjacencyMatchesReference(seed:)' passed on 'Clone 1 of iPhone 17 - gamekit (59712)' (0.000 seconds)
Test case 'BoardGeneratorTests/firstTapSafeAtCorner_Easy(seed:)' passed on 'Clone 1 of iPhone 17 - gamekit (59712)' (0.000 seconds)
Test case 'BoardGeneratorTests/firstTapSafeAtInterior_Hard(seed:)' passed on 'Clone 1 of iPhone 17 - gamekit (59712)' (0.000 seconds)
Test case 'BoardGeneratorTests/mineCountAlwaysExact_easy(seed:)' passed on 'Clone 1 of iPhone 17 - gamekit (59712)' (0.000 seconds)
Test case 'BoardGeneratorTests/firstTapSafeAtCorner_Hard(seed:)' passed on 'Clone 1 of iPhone 17 - gamekit (59712)' (0.000 seconds)
Test case 'BoardGeneratorTests/adjacencyMatchesReference(seed:)' passed on 'Clone 1 of iPhone 17 - gamekit (59712)' (0.000 seconds)
Test case 'BoardGeneratorTests/firstTapSafeAtCorner_Hard(seed:)' passed on 'Clone 1 of iPhone 17 - gamekit (59712)' (0.000 seconds)
Test case 'BoardGeneratorTests/firstTapSafeAtCorner_Easy(seed:)' passed on 'Clone 1 of iPhone 17 - gamekit (59712)' (0.000 seconds)
Test case 'BoardGeneratorTests/adjacencyMatchesReference(seed:)' passed on 'Clone 1 of iPhone 17 - gamekit (59712)' (0.000 seconds)
Test case 'BoardGeneratorTests/firstTapSafeAtFarCorner_Hard(seed:)' passed on 'Clone 1 of iPhone 17 - gamekit (59712)' (0.000 seconds)
Test case 'BoardGeneratorTests/firstTapSafeAtCorner_Hard(seed:)' passed on 'Clone 1 of iPhone 17 - gamekit (59712)' (0.000 seconds)
Test case 'BoardGeneratorTests/firstTapSafeAtInterior_Hard(seed:)' passed on 'Clone 1 of iPhone 17 - gamekit (59712)' (0.000 seconds)
Test case 'BoardGeneratorTests/mineCountAlwaysExact_easy(seed:)' passed on 'Clone 1 of iPhone 17 - gamekit (59712)' (0.000 seconds)
Test case 'BoardGeneratorTests/firstTapSafeAtCorner_Easy(seed:)' passed on 'Clone 1 of iPhone 17 - gamekit (59712)' (0.000 seconds)
Test case 'BoardGeneratorTests/mineCountAlwaysExact_easy(seed:)' passed on 'Clone 1 of iPhone 17 - gamekit (59712)' (0.000 seconds)
Test case 'BoardGeneratorTests/firstTapSafeAtInterior_Hard(seed:)' passed on 'Clone 1 of iPhone 17 - gamekit (59712)' (0.000 seconds)
Test case 'BoardGeneratorTests/firstTapSafeAtFarCorner_Hard(seed:)' passed on 'Clone 1 of iPhone 17 - gamekit (59712)' (0.000 seconds)
Test case 'BoardGeneratorTests/firstTapSafeAtCorner_Hard(seed:)' passed on 'Clone 1 of iPhone 17 - gamekit (59712)' (0.000 seconds)
Test case 'BoardGeneratorTests/adjacencyMatchesReference(seed:)' passed on 'Clone 1 of iPhone 17 - gamekit (59712)' (0.000 seconds)
Test case 'BoardGeneratorTests/firstTapSafeAtFarCorner_Hard(seed:)' passed on 'Clone 1 of iPhone 17 - gamekit (59712)' (0.000 seconds)
Test case 'BoardGeneratorTests/firstTapSafeAtCorner_Easy(seed:)' passed on 'Clone 1 of iPhone 17 - gamekit (59712)' (0.000 seconds)
Test case 'BoardGeneratorTests/firstTapSafeAtCorner_Hard(seed:)' passed on 'Clone 1 of iPhone 17 - gamekit (59712)' (0.000 seconds)
Test case 'BoardGeneratorTests/firstTapSafeAtInterior_Hard(seed:)' passed on 'Clone 1 of iPhone 17 - gamekit (59712)' (0.000 seconds)
Test case 'BoardGeneratorTests/mineCountAlwaysExact_easy(seed:)' passed on 'Clone 1 of iPhone 17 - gamekit (59712)' (0.000 seconds)
Test case 'BoardGeneratorTests/firstTapSafeAtCorner_Easy(seed:)' passed on 'Clone 1 of iPhone 17 - gamekit (59712)' (0.000 seconds)
Test case 'BoardGeneratorTests/adjacencyMatchesReference(seed:)' passed on 'Clone 1 of iPhone 17 - gamekit (59712)' (0.000 seconds)
Test case 'BoardGeneratorTests/mineCountAlwaysExact_easy(seed:)' passed on 'Clone 1 of iPhone 17 - gamekit (59712)' (0.000 seconds)
Test case 'BoardGeneratorTests/firstTapSafeAtFarCorner_Hard(seed:)' passed on 'Clone 1 of iPhone 17 - gamekit (59712)' (0.000 seconds)
Test case 'BoardGeneratorTests/firstTapSafeAtInterior_Hard(seed:)' passed on 'Clone 1 of iPhone 17 - gamekit (59712)' (0.000 seconds)
Test case 'BoardGeneratorTests/firstTapSafeAtCorner_Easy(seed:)' passed on 'Clone 1 of iPhone 17 - gamekit (59712)' (0.000 seconds)
Test case 'BoardGeneratorTests/firstTapSafeAtFarCorner_Hard(seed:)' passed on 'Clone 1 of iPhone 17 - gamekit (59712)' (0.000 seconds)
Test case 'BoardGeneratorTests/adjacencyMatchesReference(seed:)' passed on 'Clone 1 of iPhone 17 - gamekit (59712)' (0.000 seconds)
Test case 'BoardGeneratorTests/firstTapSafeAtCorner_Easy(seed:)' passed on 'Clone 1 of iPhone 17 - gamekit (59712)' (0.000 seconds)
Test case 'BoardGeneratorTests/firstTapSafeAtFarCorner_Hard(seed:)' passed on 'Clone 1 of iPhone 17 - gamekit (59712)' (0.000 seconds)
Test case 'BoardGeneratorTests/firstTapSafeAtCorner_Hard(seed:)' passed on 'Clone 1 of iPhone 17 - gamekit (59712)' (0.000 seconds)
Test case 'BoardGeneratorTests/mineCountAlwaysExact_easy(seed:)' passed on 'Clone 1 of iPhone 17 - gamekit (59712)' (0.000 seconds)
Test case 'BoardGeneratorTests/firstTapSafeAtInterior_Hard(seed:)' passed on 'Clone 1 of iPhone 17 - gamekit (59712)' (0.000 seconds)
Test case 'BoardGeneratorTests/adjacencyMatchesReference(seed:)' passed on 'Clone 1 of iPhone 17 - gamekit (59712)' (0.000 seconds)
Test case 'BoardGeneratorTests/adjacencyMatchesReference(seed:)' passed on 'Clone 1 of iPhone 17 - gamekit (59712)' (0.000 seconds)
Test case 'BoardGeneratorTests/firstTapSafeAtCorner_Hard(seed:)' passed on 'Clone 1 of iPhone 17 - gamekit (59712)' (0.000 seconds)
Test case 'BoardGeneratorTests/mineCountAlwaysExact_easy(seed:)' passed on 'Clone 1 of iPhone 17 - gamekit (59712)' (0.000 seconds)
Test case 'BoardGeneratorTests/mineCountAlwaysExact_easy(seed:)' passed on 'Clone 1 of iPhone 17 - gamekit (59712)' (0.000 seconds)
Test case 'BoardGeneratorTests/firstTapSafeAtCorner_Hard(seed:)' passed on 'Clone 1 of iPhone 17 - gamekit (59712)' (0.000 seconds)
Test case 'BoardGeneratorTests/firstTapSafeAtFarCorner_Hard(seed:)' passed on 'Clone 1 of iPhone 17 - gamekit (59712)' (0.000 seconds)
Test case 'BoardGeneratorTests/firstTapSafeAtInterior_Hard(seed:)' passed on 'Clone 1 of iPhone 17 - gamekit (59712)' (0.000 seconds)
Test case 'BoardGeneratorTests/adjacencyMatchesReference(seed:)' passed on 'Clone 1 of iPhone 17 - gamekit (59712)' (0.000 seconds)
Test case 'BoardGeneratorTests/firstTapSafeAtCorner_Easy(seed:)' passed on 'Clone 1 of iPhone 17 - gamekit (59712)' (0.000 seconds)
Test case 'BoardGeneratorTests/mineCountAlwaysExact_easy(seed:)' passed on 'Clone 1 of iPhone 17 - gamekit (59712)' (0.000 seconds)
Test case 'BoardGeneratorTests/firstTapSafeAtFarCorner_Hard(seed:)' passed on 'Clone 1 of iPhone 17 - gamekit (59712)' (0.000 seconds)
Test case 'BoardGeneratorTests/firstTapSafeAtCorner_Hard(seed:)' passed on 'Clone 1 of iPhone 17 - gamekit (59712)' (0.000 seconds)
Test case 'BoardGeneratorTests/firstTapSafeAtInterior_Hard(seed:)' passed on 'Clone 1 of iPhone 17 - gamekit (59712)' (0.000 seconds)
Test case 'BoardGeneratorTests/firstTapSafeAtCorner_Hard(seed:)' passed on 'Clone 1 of iPhone 17 - gamekit (59712)' (0.000 seconds)
Test case 'BoardGeneratorTests/mineCountAlwaysExact_medium(seed:)' passed on 'Clone 1 of iPhone 17 - gamekit (59712)' (0.000 seconds)
Test case 'BoardGeneratorTests/firstTapSafeAtCorner_Easy(seed:)' passed on 'Clone 1 of iPhone 17 - gamekit (59712)' (0.000 seconds)
Test case 'BoardGeneratorTests/firstTapSafeAtFarCorner_Hard(seed:)' passed on 'Clone 1 of iPhone 17 - gamekit (59712)' (0.000 seconds)
Test case 'BoardGeneratorTests/mineCountAlwaysExact_medium(seed:)' passed on 'Clone 1 of iPhone 17 - gamekit (59712)' (0.000 seconds)
Test case 'BoardGeneratorTests/firstTapSafeAtCorner_Hard(seed:)' passed on 'Clone 1 of iPhone 17 - gamekit (59712)' (0.000 seconds)
Test case 'BoardGeneratorTests/firstTapSafeAtInterior_Hard(seed:)' passed on 'Clone 1 of iPhone 17 - gamekit (59712)' (0.000 seconds)
Test case 'BoardGeneratorTests/firstTapSafeAtFarCorner_Hard(seed:)' passed on 'Clone 1 of iPhone 17 - gamekit (59712)' (0.000 seconds)
Test case 'BoardGeneratorTests/mineCountAlwaysExact_easy(seed:)' passed on 'Clone 1 of iPhone 17 - gamekit (59712)' (0.000 seconds)
Test case 'BoardGeneratorTests/firstTapSafeAtCorner_Easy(seed:)' passed on 'Clone 1 of iPhone 17 - gamekit (59712)' (0.000 seconds)
Test case 'BoardGeneratorTests/mineCountAlwaysExact_easy(seed:)' passed on 'Clone 1 of iPhone 17 - gamekit (59712)' (0.000 seconds)
Test case 'BoardGeneratorTests/firstTapSafeAtInterior_Hard(seed:)' passed on 'Clone 1 of iPhone 17 - gamekit (59712)' (0.000 seconds)
Test case 'BoardGeneratorTests/firstTapSafeAtCorner_Hard(seed:)' passed on 'Clone 1 of iPhone 17 - gamekit (59712)' (0.000 seconds)
Test case 'BoardGeneratorTests/adjacencyMatchesReference(seed:)' passed on 'Clone 1 of iPhone 17 - gamekit (59712)' (0.000 seconds)
Test case 'BoardGeneratorTests/mineCountAlwaysExact_medium(seed:)' passed on 'Clone 1 of iPhone 17 - gamekit (59712)' (0.000 seconds)
Test case 'BoardGeneratorTests/firstTapSafeAtCorner_Easy(seed:)' passed on 'Clone 1 of iPhone 17 - gamekit (59712)' (0.000 seconds)
Test case 'BoardGeneratorTests/adjacencyMatchesReference(seed:)' passed on 'Clone 1 of iPhone 17 - gamekit (59712)' (0.000 seconds)
Test case 'BoardGeneratorTests/firstTapSafeAtFarCorner_Hard(seed:)' passed on 'Clone 1 of iPhone 17 - gamekit (59712)' (0.000 seconds)
Test case 'BoardGeneratorTests/firstTapSafeAtCorner_Hard(seed:)' passed on 'Clone 1 of iPhone 17 - gamekit (59712)' (0.000 seconds)
Test case 'BoardGeneratorTests/firstTapSafeAtCorner_Easy(seed:)' passed on 'Clone 1 of iPhone 17 - gamekit (59712)' (0.000 seconds)
Test case 'BoardGeneratorTests/adjacencyMatchesReference(seed:)' passed on 'Clone 1 of iPhone 17 - gamekit (59712)' (0.000 seconds)
Test case 'BoardGeneratorTests/firstTapSafeAtFarCorner_Hard(seed:)' passed on 'Clone 1 of iPhone 17 - gamekit (59712)' (0.000 seconds)
Test case 'BoardGeneratorTests/firstTapSafeAtInterior_Hard(seed:)' passed on 'Clone 1 of iPhone 17 - gamekit (59712)' (0.000 seconds)
Test case 'BoardGeneratorTests/mineCountAlwaysExact_medium(seed:)' passed on 'Clone 1 of iPhone 17 - gamekit (59712)' (0.000 seconds)
Test case 'BoardGeneratorTests/firstTapSafeAtCorner_Hard(seed:)' passed on 'Clone 1 of iPhone 17 - gamekit (59712)' (0.000 seconds)
Test case 'BoardGeneratorTests/mineCountAlwaysExact_easy(seed:)' passed on 'Clone 1 of iPhone 17 - gamekit (59712)' (0.000 seconds)
Test case 'BoardGeneratorTests/mineCountAlwaysExact_medium(seed:)' passed on 'Clone 1 of iPhone 17 - gamekit (59712)' (0.000 seconds)
Test case 'BoardGeneratorTests/firstTapSafeAtCorner_Easy(seed:)' passed on 'Clone 1 of iPhone 17 - gamekit (59712)' (0.000 seconds)
Test case 'BoardGeneratorTests/adjacencyMatchesReference(seed:)' passed on 'Clone 1 of iPhone 17 - gamekit (59712)' (0.000 seconds)
Test case 'BoardGeneratorTests/firstTapSafeAtFarCorner_Hard(seed:)' passed on 'Clone 1 of iPhone 17 - gamekit (59712)' (0.000 seconds)
Test case 'BoardGeneratorTests/firstTapSafeAtInterior_Hard(seed:)' passed on 'Clone 1 of iPhone 17 - gamekit (59712)' (0.000 seconds)
Test case 'BoardGeneratorTests/firstTapSafeAtInterior_Hard(seed:)' passed on 'Clone 1 of iPhone 17 - gamekit (59712)' (0.000 seconds)
Test case 'BoardGeneratorTests/adjacencyMatchesReference(seed:)' passed on 'Clone 1 of iPhone 17 - gamekit (59712)' (0.000 seconds)
Test case 'BoardGeneratorTests/mineCountAlwaysExact_easy(seed:)' passed on 'Clone 1 of iPhone 17 - gamekit (59712)' (0.000 seconds)
Test case 'BoardGeneratorTests/firstTapSafeAtCorner_Easy(seed:)' passed on 'Clone 1 of iPhone 17 - gamekit (59712)' (0.000 seconds)
Test case 'BoardGeneratorTests/mineCountAlwaysExact_medium(seed:)' passed on 'Clone 1 of iPhone 17 - gamekit (59712)' (0.000 seconds)
Test case 'BoardGeneratorTests/firstTapSafeAtCorner_Hard(seed:)' passed on 'Clone 1 of iPhone 17 - gamekit (59712)' (0.000 seconds)
Test case 'BoardGeneratorTests/mineCountAlwaysExact_easy(seed:)' passed on 'Clone 1 of iPhone 17 - gamekit (59712)' (0.000 seconds)
Test case 'BoardGeneratorTests/firstTapSafeAtFarCorner_Hard(seed:)' passed on 'Clone 1 of iPhone 17 - gamekit (59712)' (0.000 seconds)
Test case 'BoardGeneratorTests/firstTapSafeAtCorner_Hard(seed:)' passed on 'Clone 1 of iPhone 17 - gamekit (59712)' (0.000 seconds)
Test case 'BoardGeneratorTests/firstTapSafeAtInterior_Hard(seed:)' passed on 'Clone 1 of iPhone 17 - gamekit (59712)' (0.000 seconds)
Test case 'BoardGeneratorTests/firstTapSafeAtCorner_Easy(seed:)' passed on 'Clone 1 of iPhone 17 - gamekit (59712)' (0.000 seconds)
Test case 'BoardGeneratorTests/mineCountAlwaysExact_medium(seed:)' passed on 'Clone 1 of iPhone 17 - gamekit (59712)' (0.000 seconds)
Test case 'BoardGeneratorTests/adjacencyMatchesReference(seed:)' passed on 'Clone 1 of iPhone 17 - gamekit (59712)' (0.000 seconds)
Test case 'BoardGeneratorTests/adjacencyMatchesReference(seed:)' passed on 'Clone 1 of iPhone 17 - gamekit (59712)' (0.000 seconds)
Test case 'BoardGeneratorTests/mineCountAlwaysExact_easy(seed:)' passed on 'Clone 1 of iPhone 17 - gamekit (59712)' (0.000 seconds)
Test case 'BoardGeneratorTests/mineCountAlwaysExact_medium(seed:)' passed on 'Clone 1 of iPhone 17 - gamekit (59712)' (0.000 seconds)
Test case 'BoardGeneratorTests/firstTapSafeAtInterior_Hard(seed:)' passed on 'Clone 1 of iPhone 17 - gamekit (59712)' (0.000 seconds)
Test case 'BoardGeneratorTests/firstTapSafeAtCorner_Easy(seed:)' passed on 'Clone 1 of iPhone 17 - gamekit (59712)' (0.000 seconds)
Test case 'BoardGeneratorTests/firstTapSafeAtFarCorner_Hard(seed:)' passed on 'Clone 1 of iPhone 17 - gamekit (59712)' (0.000 seconds)
Test case 'BoardGeneratorTests/firstTapSafeAtCorner_Hard(seed:)' passed on 'Clone 1 of iPhone 17 - gamekit (59712)' (0.000 seconds)
Test case 'BoardGeneratorTests/mineCountAlwaysExact_easy(seed:)' passed on 'Clone 1 of iPhone 17 - gamekit (59712)' (0.000 seconds)
Test case 'BoardGeneratorTests/firstTapSafeAtInterior_Hard(seed:)' passed on 'Clone 1 of iPhone 17 - gamekit (59712)' (0.000 seconds)
Test case 'BoardGeneratorTests/mineCountAlwaysExact_medium(seed:)' passed on 'Clone 1 of iPhone 17 - gamekit (59712)' (0.000 seconds)
Test case 'BoardGeneratorTests/firstTapSafeAtCorner_Easy(seed:)' passed on 'Clone 1 of iPhone 17 - gamekit (59712)' (0.000 seconds)
Test case 'BoardGeneratorTests/firstTapSafeAtCorner_Hard(seed:)' passed on 'Clone 1 of iPhone 17 - gamekit (59712)' (0.000 seconds)
Test case 'BoardGeneratorTests/firstTapSafeAtFarCorner_Hard(seed:)' passed on 'Clone 1 of iPhone 17 - gamekit (59712)' (0.000 seconds)
Test case 'BoardGeneratorTests/firstTapSafeAtFarCorner_Hard(seed:)' passed on 'Clone 1 of iPhone 17 - gamekit (59712)' (0.000 seconds)
Test case 'BoardGeneratorTests/mineCountAlwaysExact_easy(seed:)' passed on 'Clone 1 of iPhone 17 - gamekit (59712)' (0.000 seconds)
Test case 'BoardGeneratorTests/firstTapSafeAtInterior_Hard(seed:)' passed on 'Clone 1 of iPhone 17 - gamekit (59712)' (0.000 seconds)
Test case 'BoardGeneratorTests/adjacencyMatchesReference(seed:)' passed on 'Clone 1 of iPhone 17 - gamekit (59712)' (0.000 seconds)
Test case 'BoardGeneratorTests/firstTapSafeAtCorner_Hard(seed:)' passed on 'Clone 1 of iPhone 17 - gamekit (59712)' (0.000 seconds)
Test case 'BoardGeneratorTests/mineCountAlwaysExact_medium(seed:)' passed on 'Clone 1 of iPhone 17 - gamekit (59712)' (0.000 seconds)
Test case 'BoardGeneratorTests/firstTapSafeAtCorner_Easy(seed:)' passed on 'Clone 1 of iPhone 17 - gamekit (59712)' (0.000 seconds)
Test case 'BoardGeneratorTests/firstTapSafeAtFarCorner_Hard(seed:)' passed on 'Clone 1 of iPhone 17 - gamekit (59712)' (0.000 seconds)
Test case 'BoardGeneratorTests/mineCountAlwaysExact_easy(seed:)' passed on 'Clone 1 of iPhone 17 - gamekit (59712)' (0.000 seconds)
Test case 'BoardGeneratorTests/adjacencyMatchesReference(seed:)' passed on 'Clone 1 of iPhone 17 - gamekit (59712)' (0.000 seconds)
Test case 'BoardGeneratorTests/mineCountAlwaysExact_medium(seed:)' passed on 'Clone 1 of iPhone 17 - gamekit (59712)' (0.000 seconds)
Test case 'BoardGeneratorTests/firstTapSafeAtInterior_Hard(seed:)' passed on 'Clone 1 of iPhone 17 - gamekit (59712)' (0.000 seconds)
Test case 'BoardGeneratorTests/firstTapSafeAtCorner_Hard(seed:)' passed on 'Clone 1 of iPhone 17 - gamekit (59712)' (0.000 seconds)
Test case 'BoardGeneratorTests/firstTapSafeAtCorner_Easy(seed:)' passed on 'Clone 1 of iPhone 17 - gamekit (59712)' (0.000 seconds)
Test case 'BoardGeneratorTests/firstTapSafeAtCorner_Hard(seed:)' passed on 'Clone 1 of iPhone 17 - gamekit (59712)' (0.000 seconds)
Test case 'BoardGeneratorTests/mineCountAlwaysExact_medium(seed:)' passed on 'Clone 1 of iPhone 17 - gamekit (59712)' (0.000 seconds)
Test case 'BoardGeneratorTests/mineCountAlwaysExact_easy(seed:)' passed on 'Clone 1 of iPhone 17 - gamekit (59712)' (0.000 seconds)
Test case 'BoardGeneratorTests/firstTapSafeAtCorner_Easy(seed:)' passed on 'Clone 1 of iPhone 17 - gamekit (59712)' (0.000 seconds)
Test case 'BoardGeneratorTests/firstTapSafeAtInterior_Hard(seed:)' passed on 'Clone 1 of iPhone 17 - gamekit (59712)' (0.000 seconds)
Test case 'BoardGeneratorTests/firstTapSafeAtFarCorner_Hard(seed:)' passed on 'Clone 1 of iPhone 17 - gamekit (59712)' (0.000 seconds)
Test case 'BoardGeneratorTests/firstTapSafeAtFarCorner_Hard(seed:)' passed on 'Clone 1 of iPhone 17 - gamekit (59712)' (0.000 seconds)
Test case 'BoardGeneratorTests/firstTapSafeAtCorner_Hard(seed:)' passed on 'Clone 1 of iPhone 17 - gamekit (59712)' (0.000 seconds)
Test case 'BoardGeneratorTests/mineCountAlwaysExact_medium(seed:)' passed on 'Clone 1 of iPhone 17 - gamekit (59712)' (0.000 seconds)
Test case 'BoardGeneratorTests/adjacencyMatchesReference(seed:)' passed on 'Clone 1 of iPhone 17 - gamekit (59712)' (0.000 seconds)
Test case 'BoardGeneratorTests/mineCountAlwaysExact_easy(seed:)' passed on 'Clone 1 of iPhone 17 - gamekit (59712)' (0.000 seconds)
Test case 'BoardGeneratorTests/firstTapSafeAtCorner_Easy(seed:)' passed on 'Clone 1 of iPhone 17 - gamekit (59712)' (0.000 seconds)
Test case 'BoardGeneratorTests/adjacencyMatchesReference(seed:)' passed on 'Clone 1 of iPhone 17 - gamekit (59712)' (0.000 seconds)
Test case 'BoardGeneratorTests/adjacencyMatchesReference(seed:)' passed on 'Clone 1 of iPhone 17 - gamekit (59712)' (0.000 seconds)
Test case 'BoardGeneratorTests/firstTapSafeAtFarCorner_Hard(seed:)' passed on 'Clone 1 of iPhone 17 - gamekit (59712)' (0.000 seconds)
Test case 'BoardGeneratorTests/mineCountAlwaysExact_easy(seed:)' passed on 'Clone 1 of iPhone 17 - gamekit (59712)' (0.000 seconds)
Test case 'BoardGeneratorTests/mineCountAlwaysExact_medium(seed:)' passed on 'Clone 1 of iPhone 17 - gamekit (59712)' (0.000 seconds)
Test case 'BoardGeneratorTests/adjacencyMatchesReference(seed:)' passed on 'Clone 1 of iPhone 17 - gamekit (59712)' (0.000 seconds)
Test case 'BoardGeneratorTests/firstTapSafeAtCorner_Hard(seed:)' passed on 'Clone 1 of iPhone 17 - gamekit (59712)' (0.000 seconds)
Test case 'BoardGeneratorTests/firstTapSafeAtCorner_Easy(seed:)' passed on 'Clone 1 of iPhone 17 - gamekit (59712)' (0.000 seconds)
Test case 'BoardGeneratorTests/firstTapSafeAtInterior_Hard(seed:)' passed on 'Clone 1 of iPhone 17 - gamekit (59712)' (0.000 seconds)
Test case 'BoardGeneratorTests/firstTapSafeAtFarCorner_Hard(seed:)' passed on 'Clone 1 of iPhone 17 - gamekit (59712)' (0.000 seconds)
Test case 'BoardGeneratorTests/adjacencyMatchesReference(seed:)' passed on 'Clone 1 of iPhone 17 - gamekit (59712)' (0.000 seconds)
Test case 'BoardGeneratorTests/mineCountAlwaysExact_medium(seed:)' passed on 'Clone 1 of iPhone 17 - gamekit (59712)' (0.000 seconds)
Test case 'BoardGeneratorTests/firstTapSafeAtInterior_Hard(seed:)' passed on 'Clone 1 of iPhone 17 - gamekit (59712)' (0.000 seconds)
Test case 'BoardGeneratorTests/mineCountAlwaysExact_easy(seed:)' passed on 'Clone 1 of iPhone 17 - gamekit (59712)' (0.000 seconds)
Test case 'BoardGeneratorTests/firstTapSafeAtInterior_Hard(seed:)' passed on 'Clone 1 of iPhone 17 - gamekit (59712)' (0.000 seconds)
Test case 'BoardGeneratorTests/firstTapSafeAtFarCorner_Hard(seed:)' passed on 'Clone 1 of iPhone 17 - gamekit (59712)' (0.000 seconds)
Test case 'BoardGeneratorTests/firstTapSafeAtCorner_Easy(seed:)' passed on 'Clone 1 of iPhone 17 - gamekit (59712)' (0.000 seconds)
Test case 'BoardGeneratorTests/firstTapSafeAtCorner_Hard(seed:)' passed on 'Clone 1 of iPhone 17 - gamekit (59712)' (0.000 seconds)
Test case 'BoardGeneratorTests/firstTapSafeAtInterior_Hard(seed:)' passed on 'Clone 1 of iPhone 17 - gamekit (59712)' (0.000 seconds)
Test case 'BoardGeneratorTests/mineCountAlwaysExact_easy(seed:)' passed on 'Clone 1 of iPhone 17 - gamekit (59712)' (0.000 seconds)
Test case 'BoardGeneratorTests/firstTapSafeAtFarCorner_Hard(seed:)' passed on 'Clone 1 of iPhone 17 - gamekit (59712)' (0.000 seconds)
Test case 'BoardGeneratorTests/mineCountAlwaysExact_medium(seed:)' passed on 'Clone 1 of iPhone 17 - gamekit (59712)' (0.000 seconds)
Test case 'BoardGeneratorTests/firstTapSafeAtCorner_Hard(seed:)' passed on 'Clone 1 of iPhone 17 - gamekit (59712)' (0.000 seconds)
Test case 'BoardGeneratorTests/adjacencyMatchesReference(seed:)' passed on 'Clone 1 of iPhone 17 - gamekit (59712)' (0.000 seconds)
Test case 'BoardGeneratorTests/firstTapSafeAtCorner_Easy(seed:)' passed on 'Clone 1 of iPhone 17 - gamekit (59712)' (0.000 seconds)
Test case 'BoardGeneratorTests/mineCountAlwaysExact_easy(seed:)' passed on 'Clone 1 of iPhone 17 - gamekit (59712)' (0.000 seconds)
Test case 'BoardGeneratorTests/firstTapSafeAtCorner_Easy(seed:)' passed on 'Clone 1 of iPhone 17 - gamekit (59712)' (0.000 seconds)
Test case 'BoardGeneratorTests/adjacencyMatchesReference(seed:)' passed on 'Clone 1 of iPhone 17 - gamekit (59712)' (0.000 seconds)
Test case 'BoardGeneratorTests/mineCountAlwaysExact_easy(seed:)' passed on 'Clone 1 of iPhone 17 - gamekit (59712)' (0.000 seconds)
Test case 'BoardGeneratorTests/firstTapSafeAtFarCorner_Hard(seed:)' passed on 'Clone 1 of iPhone 17 - gamekit (59712)' (0.000 seconds)
Test case 'BoardGeneratorTests/firstTapSafeAtInterior_Hard(seed:)' passed on 'Clone 1 of iPhone 17 - gamekit (59712)' (0.000 seconds)
Test case 'BoardGeneratorTests/firstTapSafeAtCorner_Hard(seed:)' passed on 'Clone 1 of iPhone 17 - gamekit (59712)' (0.000 seconds)
Test case 'BoardGeneratorTests/firstTapSafeAtCorner_Easy(seed:)' passed on 'Clone 1 of iPhone 17 - gamekit (59712)' (0.000 seconds)
Test case 'BoardGeneratorTests/firstTapSafeAtFarCorner_Hard(seed:)' passed on 'Clone 1 of iPhone 17 - gamekit (59712)' (0.000 seconds)
Test case 'BoardGeneratorTests/firstTapSafeAtInterior_Hard(seed:)' passed on 'Clone 1 of iPhone 17 - gamekit (59712)' (0.000 seconds)
Test case 'BoardGeneratorTests/firstTapSafeAtInterior_Hard(seed:)' passed on 'Clone 1 of iPhone 17 - gamekit (59712)' (0.000 seconds)
Test case 'BoardGeneratorTests/mineCountAlwaysExact_medium(seed:)' passed on 'Clone 1 of iPhone 17 - gamekit (59712)' (0.000 seconds)
Test case 'BoardGeneratorTests/mineCountAlwaysExact_medium(seed:)' passed on 'Clone 1 of iPhone 17 - gamekit (59712)' (0.000 seconds)
Test case 'BoardGeneratorTests/firstTapSafeAtCorner_Hard(seed:)' passed on 'Clone 1 of iPhone 17 - gamekit (59712)' (0.000 seconds)
Test case 'BoardGeneratorTests/mineCountAlwaysExact_medium(seed:)' passed on 'Clone 1 of iPhone 17 - gamekit (59712)' (0.000 seconds)
Test case 'BoardGeneratorTests/adjacencyMatchesReference(seed:)' passed on 'Clone 1 of iPhone 17 - gamekit (59712)' (0.000 seconds)
Test case 'BoardGeneratorTests/firstTapSafeAtCorner_Easy(seed:)' passed on 'Clone 1 of iPhone 17 - gamekit (59712)' (0.000 seconds)
Test case 'BoardGeneratorTests/firstTapSafeAtFarCorner_Hard(seed:)' passed on 'Clone 1 of iPhone 17 - gamekit (59712)' (0.000 seconds)
Test case 'BoardGeneratorTests/mineCountAlwaysExact_easy(seed:)' passed on 'Clone 1 of iPhone 17 - gamekit (59712)' (0.000 seconds)
Test case 'BoardGeneratorTests/mineCountAlwaysExact_easy(seed:)' passed on 'Clone 1 of iPhone 17 - gamekit (59712)' (0.000 seconds)
Test case 'BoardGeneratorTests/mineCountAlwaysExact_medium(seed:)' passed on 'Clone 1 of iPhone 17 - gamekit (59712)' (0.000 seconds)
Test case 'BoardGeneratorTests/adjacencyMatchesReference(seed:)' passed on 'Clone 1 of iPhone 17 - gamekit (59712)' (0.000 seconds)
Test case 'BoardGeneratorTests/firstTapSafeAtInterior_Hard(seed:)' passed on 'Clone 1 of iPhone 17 - gamekit (59712)' (0.000 seconds)
Test case 'BoardGeneratorTests/firstTapSafeAtCorner_Easy(seed:)' passed on 'Clone 1 of iPhone 17 - gamekit (59712)' (0.000 seconds)
Test case 'BoardGeneratorTests/firstTapSafeAtCorner_Hard(seed:)' passed on 'Clone 1 of iPhone 17 - gamekit (59712)' (0.000 seconds)
Test case 'BoardGeneratorTests/mineCountAlwaysExact_easy(seed:)' passed on 'Clone 1 of iPhone 17 - gamekit (59712)' (0.000 seconds)
Test case 'BoardGeneratorTests/firstTapSafeAtFarCorner_Hard(seed:)' passed on 'Clone 1 of iPhone 17 - gamekit (59712)' (0.000 seconds)
Test case 'BoardGeneratorTests/firstTapSafeAtInterior_Hard(seed:)' passed on 'Clone 1 of iPhone 17 - gamekit (59712)' (0.000 seconds)
Test case 'BoardGeneratorTests/mineCountAlwaysExact_medium(seed:)' passed on 'Clone 1 of iPhone 17 - gamekit (59712)' (0.000 seconds)
Test case 'BoardGeneratorTests/firstTapSafeAtCorner_Hard(seed:)' passed on 'Clone 1 of iPhone 17 - gamekit (59712)' (0.000 seconds)
Test case 'BoardGeneratorTests/firstTapSafeAtCorner_Easy(seed:)' passed on 'Clone 1 of iPhone 17 - gamekit (59712)' (0.000 seconds)
Test case 'BoardGeneratorTests/mineCountAlwaysExact_medium(seed:)' passed on 'Clone 1 of iPhone 17 - gamekit (59712)' (0.000 seconds)
Test case 'BoardGeneratorTests/firstTapSafeAtInterior_Hard(seed:)' passed on 'Clone 1 of iPhone 17 - gamekit (59712)' (0.000 seconds)
Test case 'BoardGeneratorTests/mineCountAlwaysExact_easy(seed:)' passed on 'Clone 1 of iPhone 17 - gamekit (59712)' (0.000 seconds)
Test case 'BoardGeneratorTests/adjacencyMatchesReference(seed:)' passed on 'Clone 1 of iPhone 17 - gamekit (59712)' (0.000 seconds)
Test case 'BoardGeneratorTests/firstTapSafeAtCorner_Hard(seed:)' passed on 'Clone 1 of iPhone 17 - gamekit (59712)' (0.000 seconds)
Test case 'BoardGeneratorTests/firstTapSafeAtFarCorner_Hard(seed:)' passed on 'Clone 1 of iPhone 17 - gamekit (59712)' (0.000 seconds)
Test case 'BoardGeneratorTests/firstTapSafeAtCorner_Easy(seed:)' passed on 'Clone 1 of iPhone 17 - gamekit (59712)' (0.000 seconds)
Test case 'BoardGeneratorTests/mineCountAlwaysExact_medium(seed:)' passed on 'Clone 1 of iPhone 17 - gamekit (59712)' (0.000 seconds)
Test case 'BoardGeneratorTests/firstTapSafeAtCorner_Hard(seed:)' passed on 'Clone 1 of iPhone 17 - gamekit (59712)' (0.000 seconds)
Test case 'BoardGeneratorTests/adjacencyMatchesReference(seed:)' passed on 'Clone 1 of iPhone 17 - gamekit (59712)' (0.000 seconds)
Test case 'BoardGeneratorTests/firstTapSafeAtFarCorner_Hard(seed:)' passed on 'Clone 1 of iPhone 17 - gamekit (59712)' (0.000 seconds)
Test case 'BoardGeneratorTests/firstTapSafeAtInterior_Hard(seed:)' passed on 'Clone 1 of iPhone 17 - gamekit (59712)' (0.000 seconds)
Test case 'BoardGeneratorTests/firstTapSafeAtFarCorner_Hard(seed:)' passed on 'Clone 1 of iPhone 17 - gamekit (59712)' (0.000 seconds)
Test case 'BoardGeneratorTests/firstTapSafeAtCorner_Easy(seed:)' passed on 'Clone 1 of iPhone 17 - gamekit (59712)' (0.000 seconds)
Test case 'BoardGeneratorTests/adjacencyMatchesReference(seed:)' passed on 'Clone 1 of iPhone 17 - gamekit (59712)' (0.000 seconds)
Test case 'BoardGeneratorTests/mineCountAlwaysExact_easy(seed:)' passed on 'Clone 1 of iPhone 17 - gamekit (59712)' (0.000 seconds)
Test case 'BoardGeneratorTests/mineCountAlwaysExact_medium(seed:)' passed on 'Clone 1 of iPhone 17 - gamekit (59712)' (0.000 seconds)
Test case 'BoardGeneratorTests/firstTapSafeAtCorner_Easy(seed:)' passed on 'Clone 1 of iPhone 17 - gamekit (59712)' (0.000 seconds)
Test case 'BoardGeneratorTests/adjacencyMatchesReference(seed:)' passed on 'Clone 1 of iPhone 17 - gamekit (59712)' (0.000 seconds)
Test case 'BoardGeneratorTests/mineCountAlwaysExact_easy(seed:)' passed on 'Clone 1 of iPhone 17 - gamekit (59712)' (0.000 seconds)
Test case 'BoardGeneratorTests/firstTapSafeAtCorner_Hard(seed:)' passed on 'Clone 1 of iPhone 17 - gamekit (59712)' (0.000 seconds)
Test case 'BoardGeneratorTests/firstTapSafeAtInterior_Hard(seed:)' passed on 'Clone 1 of iPhone 17 - gamekit (59712)' (0.000 seconds)
Test case 'BoardGeneratorTests/firstTapSafeAtFarCorner_Hard(seed:)' passed on 'Clone 1 of iPhone 17 - gamekit (59712)' (0.000 seconds)
Test case 'BoardGeneratorTests/adjacencyMatchesReference(seed:)' passed on 'Clone 1 of iPhone 17 - gamekit (59712)' (0.000 seconds)
Test case 'BoardGeneratorTests/firstTapSafeAtFarCorner_Hard(seed:)' passed on 'Clone 1 of iPhone 17 - gamekit (59712)' (0.000 seconds)
Test case 'BoardGeneratorTests/firstTapSafeAtCorner_Hard(seed:)' passed on 'Clone 1 of iPhone 17 - gamekit (59712)' (0.000 seconds)
Test case 'BoardGeneratorTests/mineCountAlwaysExact_medium(seed:)' passed on 'Clone 1 of iPhone 17 - gamekit (59712)' (0.000 seconds)
Test case 'BoardGeneratorTests/firstTapSafeAtInterior_Hard(seed:)' passed on 'Clone 1 of iPhone 17 - gamekit (59712)' (0.000 seconds)
Test case 'BoardGeneratorTests/firstTapSafeAtCorner_Easy(seed:)' passed on 'Clone 1 of iPhone 17 - gamekit (59712)' (0.000 seconds)
Test case 'BoardGeneratorTests/mineCountAlwaysExact_easy(seed:)' passed on 'Clone 1 of iPhone 17 - gamekit (59712)' (0.000 seconds)
Test case 'BoardGeneratorTests/mineCountAlwaysExact_easy(seed:)' passed on 'Clone 1 of iPhone 17 - gamekit (59712)' (0.000 seconds)
Test case 'BoardGeneratorTests/firstTapSafeAtCorner_Easy(seed:)' passed on 'Clone 1 of iPhone 17 - gamekit (59712)' (0.000 seconds)
Test case 'BoardGeneratorTests/adjacencyMatchesReference(seed:)' passed on 'Clone 1 of iPhone 17 - gamekit (59712)' (0.000 seconds)
Test case 'BoardGeneratorTests/mineCountAlwaysExact_medium(seed:)' passed on 'Clone 1 of iPhone 17 - gamekit (59712)' (0.000 seconds)
Test case 'BoardGeneratorTests/firstTapSafeAtFarCorner_Hard(seed:)' passed on 'Clone 1 of iPhone 17 - gamekit (59712)' (0.000 seconds)
Test case 'BoardGeneratorTests/mineCountAlwaysExact_medium(seed:)' passed on 'Clone 1 of iPhone 17 - gamekit (59712)' (0.000 seconds)
Test case 'BoardGeneratorTests/adjacencyMatchesReference(seed:)' passed on 'Clone 1 of iPhone 17 - gamekit (59712)' (0.000 seconds)
Test case 'BoardGeneratorTests/mineCountAlwaysExact_medium(seed:)' passed on 'Clone 1 of iPhone 17 - gamekit (59712)' (0.000 seconds)
Test case 'BoardGeneratorTests/firstTapSafeAtInterior_Hard(seed:)' passed on 'Clone 1 of iPhone 17 - gamekit (59712)' (0.000 seconds)
Test case 'BoardGeneratorTests/firstTapSafeAtCorner_Easy(seed:)' passed on 'Clone 1 of iPhone 17 - gamekit (59712)' (0.000 seconds)
Test case 'BoardGeneratorTests/firstTapSafeAtInterior_Hard(seed:)' passed on 'Clone 1 of iPhone 17 - gamekit (59712)' (0.000 seconds)
Test case 'BoardGeneratorTests/firstTapSafeAtCorner_Easy(seed:)' passed on 'Clone 1 of iPhone 17 - gamekit (59712)' (0.000 seconds)
Test case 'BoardGeneratorTests/adjacencyMatchesReference(seed:)' passed on 'Clone 1 of iPhone 17 - gamekit (59712)' (0.000 seconds)
Test case 'BoardGeneratorTests/firstTapSafeAtCorner_Hard(seed:)' passed on 'Clone 1 of iPhone 17 - gamekit (59712)' (0.000 seconds)
Test case 'BoardGeneratorTests/mineCountAlwaysExact_easy(seed:)' passed on 'Clone 1 of iPhone 17 - gamekit (59712)' (0.000 seconds)
Test case 'BoardGeneratorTests/firstTapSafeAtCorner_Easy(seed:)' passed on 'Clone 1 of iPhone 17 - gamekit (59712)' (0.000 seconds)
Test case 'BoardGeneratorTests/mineCountAlwaysExact_easy(seed:)' passed on 'Clone 1 of iPhone 17 - gamekit (59712)' (0.000 seconds)
Test case 'BoardGeneratorTests/mineCountAlwaysExact_medium(seed:)' passed on 'Clone 1 of iPhone 17 - gamekit (59712)' (0.000 seconds)
Test case 'BoardGeneratorTests/adjacencyMatchesReference(seed:)' passed on 'Clone 1 of iPhone 17 - gamekit (59712)' (0.000 seconds)
Test case 'BoardGeneratorTests/firstTapSafeAtInterior_Hard(seed:)' passed on 'Clone 1 of iPhone 17 - gamekit (59712)' (0.000 seconds)
Test case 'BoardGeneratorTests/mineCountAlwaysExact_easy(seed:)' passed on 'Clone 1 of iPhone 17 - gamekit (59712)' (0.000 seconds)
Test case 'BoardGeneratorTests/firstTapSafeAtCorner_Hard(seed:)' passed on 'Clone 1 of iPhone 17 - gamekit (59712)' (0.000 seconds)
Test case 'BoardGeneratorTests/mineCountAlwaysExact_medium(seed:)' passed on 'Clone 1 of iPhone 17 - gamekit (59712)' (0.000 seconds)
Test case 'BoardGeneratorTests/firstTapSafeAtCorner_Hard(seed:)' passed on 'Clone 1 of iPhone 17 - gamekit (59712)' (0.000 seconds)
Test case 'BoardGeneratorTests/firstTapSafeAtCorner_Easy(seed:)' passed on 'Clone 1 of iPhone 17 - gamekit (59712)' (0.000 seconds)
Test case 'BoardGeneratorTests/firstTapSafeAtInterior_Hard(seed:)' passed on 'Clone 1 of iPhone 17 - gamekit (59712)' (0.000 seconds)
Test case 'BoardGeneratorTests/firstTapSafeAtCorner_Hard(seed:)' passed on 'Clone 1 of iPhone 17 - gamekit (59712)' (0.000 seconds)
Test case 'BoardGeneratorTests/mineCountAlwaysExact_easy(seed:)' passed on 'Clone 1 of iPhone 17 - gamekit (59712)' (0.000 seconds)
Test case 'BoardGeneratorTests/firstTapSafeAtCorner_Easy(seed:)' passed on 'Clone 1 of iPhone 17 - gamekit (59712)' (0.000 seconds)
Test case 'BoardGeneratorTests/mineCountAlwaysExact_medium(seed:)' passed on 'Clone 1 of iPhone 17 - gamekit (59712)' (0.000 seconds)
Test case 'BoardGeneratorTests/mineCountAlwaysExact_easy(seed:)' passed on 'Clone 1 of iPhone 17 - gamekit (59712)' (0.000 seconds)
Test case 'BoardGeneratorTests/firstTapSafeAtInterior_Hard(seed:)' passed on 'Clone 1 of iPhone 17 - gamekit (59712)' (0.000 seconds)
Test case 'BoardGeneratorTests/mineCountAlwaysExact_medium(seed:)' passed on 'Clone 1 of iPhone 17 - gamekit (59712)' (0.000 seconds)
Test case 'BoardGeneratorTests/firstTapSafeAtCorner_Hard(seed:)' passed on 'Clone 1 of iPhone 17 - gamekit (59712)' (0.000 seconds)
Test case 'BoardGeneratorTests/adjacencyMatchesReference(seed:)' passed on 'Clone 1 of iPhone 17 - gamekit (59712)' (0.000 seconds)
Test case 'BoardGeneratorTests/firstTapSafeAtCorner_Easy(seed:)' passed on 'Clone 1 of iPhone 17 - gamekit (59712)' (0.000 seconds)
Test case 'BoardGeneratorTests/firstTapSafeAtCorner_Hard(seed:)' passed on 'Clone 1 of iPhone 17 - gamekit (59712)' (0.000 seconds)
Test case 'BoardGeneratorTests/firstTapSafeAtInterior_Hard(seed:)' passed on 'Clone 1 of iPhone 17 - gamekit (59712)' (0.000 seconds)
Test case 'BoardGeneratorTests/mineCountAlwaysExact_easy(seed:)' passed on 'Clone 1 of iPhone 17 - gamekit (59712)' (0.000 seconds)
Test case 'BoardGeneratorTests/firstTapSafeAtCorner_Easy(seed:)' passed on 'Clone 1 of iPhone 17 - gamekit (59712)' (0.000 seconds)
Test case 'BoardGeneratorTests/adjacencyMatchesReference(seed:)' passed on 'Clone 1 of iPhone 17 - gamekit (59712)' (0.000 seconds)
Test case 'BoardGeneratorTests/mineCountAlwaysExact_easy(seed:)' passed on 'Clone 1 of iPhone 17 - gamekit (59712)' (0.000 seconds)
Test case 'BoardGeneratorTests/adjacencyMatchesReference(seed:)' passed on 'Clone 1 of iPhone 17 - gamekit (59712)' (0.000 seconds)
Test case 'BoardGeneratorTests/adjacencyMatchesReference(seed:)' passed on 'Clone 1 of iPhone 17 - gamekit (59712)' (0.000 seconds)
Test case 'BoardGeneratorTests/firstTapSafeAtCorner_Easy(seed:)' passed on 'Clone 1 of iPhone 17 - gamekit (59712)' (0.000 seconds)
Test case 'BoardGeneratorTests/mineCountAlwaysExact_medium(seed:)' passed on 'Clone 1 of iPhone 17 - gamekit (59712)' (0.000 seconds)
Test case 'BoardGeneratorTests/mineCountAlwaysExact_medium(seed:)' passed on 'Clone 1 of iPhone 17 - gamekit (59712)' (0.000 seconds)
Test case 'BoardGeneratorTests/firstTapSafeAtCorner_Hard(seed:)' passed on 'Clone 1 of iPhone 17 - gamekit (59712)' (0.000 seconds)
Test case 'BoardGeneratorTests/mineCountAlwaysExact_medium(seed:)' passed on 'Clone 1 of iPhone 17 - gamekit (59712)' (0.000 seconds)
Test case 'BoardGeneratorTests/mineCountAlwaysExact_easy(seed:)' passed on 'Clone 1 of iPhone 17 - gamekit (59712)' (0.000 seconds)
Test case 'BoardGeneratorTests/firstTapSafeAtInterior_Hard(seed:)' passed on 'Clone 1 of iPhone 17 - gamekit (59712)' (0.000 seconds)
Test case 'BoardGeneratorTests/firstTapSafeAtInterior_Hard(seed:)' passed on 'Clone 1 of iPhone 17 - gamekit (59712)' (0.000 seconds)
Test case 'BoardGeneratorTests/adjacencyMatchesReference(seed:)' passed on 'Clone 1 of iPhone 17 - gamekit (59712)' (0.000 seconds)
Test case 'BoardGeneratorTests/firstTapSafeAtCorner_Easy(seed:)' passed on 'Clone 1 of iPhone 17 - gamekit (59712)' (0.000 seconds)
Test case 'BoardGeneratorTests/mineCountAlwaysExact_medium(seed:)' passed on 'Clone 1 of iPhone 17 - gamekit (59712)' (0.000 seconds)
Test case 'BoardGeneratorTests/mineCountAlwaysExact_easy(seed:)' passed on 'Clone 1 of iPhone 17 - gamekit (59712)' (0.000 seconds)
Test case 'BoardGeneratorTests/firstTapSafeAtCorner_Easy(seed:)' passed on 'Clone 1 of iPhone 17 - gamekit (59712)' (0.000 seconds)
Test case 'BoardGeneratorTests/adjacencyMatchesReference(seed:)' passed on 'Clone 1 of iPhone 17 - gamekit (59712)' (0.000 seconds)
Test case 'BoardGeneratorTests/firstTapSafeAtInterior_Hard(seed:)' passed on 'Clone 1 of iPhone 17 - gamekit (59712)' (0.000 seconds)
Test case 'BoardGeneratorTests/firstTapSafeAtCorner_Hard(seed:)' passed on 'Clone 1 of iPhone 17 - gamekit (59712)' (0.000 seconds)
Test case 'BoardGeneratorTests/mineCountAlwaysExact_medium(seed:)' passed on 'Clone 1 of iPhone 17 - gamekit (59712)' (0.000 seconds)
Test case 'BoardGeneratorTests/mineCountAlwaysExact_easy(seed:)' passed on 'Clone 1 of iPhone 17 - gamekit (59712)' (0.000 seconds)
Test case 'BoardGeneratorTests/firstTapSafeAtCorner_Easy(seed:)' passed on 'Clone 1 of iPhone 17 - gamekit (59712)' (0.000 seconds)
Test case 'BoardGeneratorTests/firstTapSafeAtCorner_Hard(seed:)' passed on 'Clone 1 of iPhone 17 - gamekit (59712)' (0.000 seconds)
Test case 'BoardGeneratorTests/mineCountAlwaysExact_medium(seed:)' passed on 'Clone 1 of iPhone 17 - gamekit (59712)' (0.000 seconds)
Test case 'BoardGeneratorTests/firstTapSafeAtInterior_Hard(seed:)' passed on 'Clone 1 of iPhone 17 - gamekit (59712)' (0.000 seconds)
Test case 'BoardGeneratorTests/firstTapSafeAtCorner_Hard(seed:)' passed on 'Clone 1 of iPhone 17 - gamekit (59712)' (0.000 seconds)
Test case 'BoardGeneratorTests/adjacencyMatchesReference(seed:)' passed on 'Clone 1 of iPhone 17 - gamekit (59712)' (0.000 seconds)
Test case 'BoardGeneratorTests/firstTapSafeAtCorner_Easy(seed:)' passed on 'Clone 1 of iPhone 17 - gamekit (59712)' (0.000 seconds)
Test case 'BoardGeneratorTests/firstTapSafeAtInterior_Hard(seed:)' passed on 'Clone 1 of iPhone 17 - gamekit (59712)' (0.000 seconds)
Test case 'BoardGeneratorTests/firstTapSafeAtCorner_Hard(seed:)' passed on 'Clone 1 of iPhone 17 - gamekit (59712)' (0.000 seconds)
Test case 'BoardGeneratorTests/mineCountAlwaysExact_easy(seed:)' passed on 'Clone 1 of iPhone 17 - gamekit (59712)' (0.000 seconds)
Test case 'BoardGeneratorTests/firstTapSafeAtInterior_Hard(seed:)' passed on 'Clone 1 of iPhone 17 - gamekit (59712)' (0.000 seconds)
Test case 'BoardGeneratorTests/mineCountAlwaysExact_medium(seed:)' passed on 'Clone 1 of iPhone 17 - gamekit (59712)' (0.000 seconds)
Test case 'BoardGeneratorTests/adjacencyMatchesReference(seed:)' passed on 'Clone 1 of iPhone 17 - gamekit (59712)' (0.000 seconds)
Test case 'BoardGeneratorTests/mineCountAlwaysExact_medium(seed:)' passed on 'Clone 1 of iPhone 17 - gamekit (59712)' (0.000 seconds)
Test case 'BoardGeneratorTests/firstTapSafeAtCorner_Easy(seed:)' passed on 'Clone 1 of iPhone 17 - gamekit (59712)' (0.000 seconds)
Test case 'BoardGeneratorTests/mineCountAlwaysExact_easy(seed:)' passed on 'Clone 1 of iPhone 17 - gamekit (59712)' (0.000 seconds)
Test case 'BoardGeneratorTests/firstTapSafeAtInterior_Hard(seed:)' passed on 'Clone 1 of iPhone 17 - gamekit (59712)' (0.000 seconds)
Test case 'BoardGeneratorTests/firstTapSafeAtCorner_Easy(seed:)' passed on 'Clone 1 of iPhone 17 - gamekit (59712)' (0.000 seconds)
Test case 'BoardGeneratorTests/adjacencyMatchesReference(seed:)' passed on 'Clone 1 of iPhone 17 - gamekit (59712)' (0.000 seconds)
Test case 'BoardGeneratorTests/mineCountAlwaysExact_easy(seed:)' passed on 'Clone 1 of iPhone 17 - gamekit (59712)' (0.000 seconds)
Test case 'BoardGeneratorTests/firstTapSafeAtCorner_Hard(seed:)' passed on 'Clone 1 of iPhone 17 - gamekit (59712)' (0.000 seconds)
Test case 'BoardGeneratorTests/adjacencyMatchesReference(seed:)' passed on 'Clone 1 of iPhone 17 - gamekit (59712)' (0.000 seconds)
Test case 'BoardGeneratorTests/firstTapSafeAtCorner_Hard(seed:)' passed on 'Clone 1 of iPhone 17 - gamekit (59712)' (0.000 seconds)
Test case 'BoardGeneratorTests/adjacencyMatchesReference(seed:)' passed on 'Clone 1 of iPhone 17 - gamekit (59712)' (0.000 seconds)
Test case 'BoardGeneratorTests/firstTapSafeAtCorner_Hard(seed:)' passed on 'Clone 1 of iPhone 17 - gamekit (59712)' (0.000 seconds)
Test case 'BoardGeneratorTests/mineCountAlwaysExact_easy(seed:)' passed on 'Clone 1 of iPhone 17 - gamekit (59712)' (0.000 seconds)
Test case 'BoardGeneratorTests/firstTapSafeAtInterior_Hard(seed:)' passed on 'Clone 1 of iPhone 17 - gamekit (59712)' (0.000 seconds)
Test case 'BoardGeneratorTests/mineCountAlwaysExact_medium(seed:)' passed on 'Clone 1 of iPhone 17 - gamekit (59712)' (0.000 seconds)
Test case 'BoardGeneratorTests/firstTapSafeAtCorner_Easy(seed:)' passed on 'Clone 1 of iPhone 17 - gamekit (59712)' (0.000 seconds)
Test case 'BoardGeneratorTests/mineCountAlwaysExact_medium(seed:)' passed on 'Clone 1 of iPhone 17 - gamekit (59712)' (0.000 seconds)
Test case 'BoardGeneratorTests/firstTapSafeAtCorner_Hard(seed:)' passed on 'Clone 1 of iPhone 17 - gamekit (59712)' (0.000 seconds)
Test case 'BoardGeneratorTests/firstTapSafeAtInterior_Hard(seed:)' passed on 'Clone 1 of iPhone 17 - gamekit (59712)' (0.000 seconds)
Test case 'BoardGeneratorTests/firstTapSafeAtCorner_Easy(seed:)' passed on 'Clone 1 of iPhone 17 - gamekit (59712)' (0.000 seconds)
Test case 'BoardGeneratorTests/mineCountAlwaysExact_easy(seed:)' passed on 'Clone 1 of iPhone 17 - gamekit (59712)' (0.000 seconds)
Test case 'BoardGeneratorTests/mineCountAlwaysExact_medium(seed:)' passed on 'Clone 1 of iPhone 17 - gamekit (59712)' (0.000 seconds)
Test case 'BoardGeneratorTests/firstTapSafeAtInterior_Hard(seed:)' passed on 'Clone 1 of iPhone 17 - gamekit (59712)' (0.000 seconds)
Test case 'BoardGeneratorTests/adjacencyMatchesReference(seed:)' passed on 'Clone 1 of iPhone 17 - gamekit (59712)' (0.000 seconds)
Test case 'BoardGeneratorTests/mineCountAlwaysExact_medium(seed:)' passed on 'Clone 1 of iPhone 17 - gamekit (59712)' (0.000 seconds)
Test case 'BoardGeneratorTests/firstTapSafeAtCorner_Hard(seed:)' passed on 'Clone 1 of iPhone 17 - gamekit (59712)' (0.000 seconds)
Test case 'BoardGeneratorTests/firstTapSafeAtInterior_Hard(seed:)' passed on 'Clone 1 of iPhone 17 - gamekit (59712)' (0.000 seconds)
Test case 'BoardGeneratorTests/mineCountAlwaysExact_easy(seed:)' passed on 'Clone 1 of iPhone 17 - gamekit (59712)' (0.000 seconds)
Test case 'BoardGeneratorTests/firstTapSafeAtCorner_Easy(seed:)' passed on 'Clone 1 of iPhone 17 - gamekit (59712)' (0.000 seconds)
Test case 'BoardGeneratorTests/adjacencyMatchesReference(seed:)' passed on 'Clone 1 of iPhone 17 - gamekit (59712)' (0.000 seconds)
Test case 'BoardGeneratorTests/mineCountAlwaysExact_easy(seed:)' passed on 'Clone 1 of iPhone 17 - gamekit (59712)' (0.000 seconds)
Test case 'BoardGeneratorTests/mineCountAlwaysExact_medium(seed:)' passed on 'Clone 1 of iPhone 17 - gamekit (59712)' (0.000 seconds)
Test case 'BoardGeneratorTests/mineCountAlwaysExact_easy(seed:)' passed on 'Clone 1 of iPhone 17 - gamekit (59712)' (0.000 seconds)
Test case 'BoardGeneratorTests/firstTapSafeAtInterior_Hard(seed:)' passed on 'Clone 1 of iPhone 17 - gamekit (59712)' (0.000 seconds)
Test case 'BoardGeneratorTests/firstTapSafeAtCorner_Hard(seed:)' passed on 'Clone 1 of iPhone 17 - gamekit (59712)' (0.000 seconds)
Test case 'BoardGeneratorTests/firstTapSafeAtCorner_Easy(seed:)' passed on 'Clone 1 of iPhone 17 - gamekit (59712)' (0.000 seconds)
Test case 'BoardGeneratorTests/firstTapSafeAtCorner_Hard(seed:)' passed on 'Clone 1 of iPhone 17 - gamekit (59712)' (0.000 seconds)
Test case 'BoardGeneratorTests/mineCountAlwaysExact_easy(seed:)' passed on 'Clone 1 of iPhone 17 - gamekit (59712)' (0.000 seconds)
Test case 'BoardGeneratorTests/mineCountAlwaysExact_medium(seed:)' passed on 'Clone 1 of iPhone 17 - gamekit (59712)' (0.000 seconds)
Test case 'BoardGeneratorTests/adjacencyMatchesReference(seed:)' passed on 'Clone 1 of iPhone 17 - gamekit (59712)' (0.000 seconds)
Test case 'BoardGeneratorTests/firstTapSafeAtCorner_Hard(seed:)' passed on 'Clone 1 of iPhone 17 - gamekit (59712)' (0.000 seconds)
Test case 'BoardGeneratorTests/firstTapSafeAtCorner_Easy(seed:)' passed on 'Clone 1 of iPhone 17 - gamekit (59712)' (0.000 seconds)
Test case 'BoardGeneratorTests/mineCountAlwaysExact_medium(seed:)' passed on 'Clone 1 of iPhone 17 - gamekit (59712)' (0.000 seconds)
Test case 'BoardGeneratorTests/mineCountAlwaysExact_medium(seed:)' passed on 'Clone 1 of iPhone 17 - gamekit (59712)' (0.000 seconds)
Test case 'BoardGeneratorTests/firstTapSafeAtCorner_Hard(seed:)' passed on 'Clone 1 of iPhone 17 - gamekit (59712)' (0.000 seconds)
Test case 'BoardGeneratorTests/firstTapSafeAtInterior_Hard(seed:)' passed on 'Clone 1 of iPhone 17 - gamekit (59712)' (0.000 seconds)
Test case 'BoardGeneratorTests/firstTapSafeAtCorner_Easy(seed:)' passed on 'Clone 1 of iPhone 17 - gamekit (59712)' (0.000 seconds)
Test case 'BoardGeneratorTests/firstTapSafeAtInterior_Hard(seed:)' passed on 'Clone 1 of iPhone 17 - gamekit (59712)' (0.000 seconds)
Test case 'BoardGeneratorTests/adjacencyMatchesReference(seed:)' passed on 'Clone 1 of iPhone 17 - gamekit (59712)' (0.000 seconds)
Test case 'BoardGeneratorTests/mineCountAlwaysExact_easy(seed:)' passed on 'Clone 1 of iPhone 17 - gamekit (59712)' (0.000 seconds)
Test case 'BoardGeneratorTests/adjacencyMatchesReference(seed:)' passed on 'Clone 1 of iPhone 17 - gamekit (59712)' (0.000 seconds)
Test case 'BoardGeneratorTests/mineCountAlwaysExact_easy(seed:)' passed on 'Clone 1 of iPhone 17 - gamekit (59712)' (0.000 seconds)
Test case 'BoardGeneratorTests/adjacencyMatchesReference(seed:)' passed on 'Clone 1 of iPhone 17 - gamekit (59712)' (0.000 seconds)
Test case 'BoardGeneratorTests/firstTapSafeAtCorner_Easy(seed:)' passed on 'Clone 1 of iPhone 17 - gamekit (59712)' (0.000 seconds)
Test case 'BoardGeneratorTests/mineCountAlwaysExact_medium(seed:)' passed on 'Clone 1 of iPhone 17 - gamekit (59712)' (0.000 seconds)
Test case 'BoardGeneratorTests/firstTapSafeAtCorner_Hard(seed:)' passed on 'Clone 1 of iPhone 17 - gamekit (59712)' (0.000 seconds)
Test case 'BoardGeneratorTests/firstTapSafeAtCorner_Easy(seed:)' passed on 'Clone 1 of iPhone 17 - gamekit (59712)' (0.000 seconds)
Test case 'BoardGeneratorTests/firstTapSafeAtInterior_Hard(seed:)' passed on 'Clone 1 of iPhone 17 - gamekit (59712)' (0.000 seconds)
Test case 'BoardGeneratorTests/mineCountAlwaysExact_easy(seed:)' passed on 'Clone 1 of iPhone 17 - gamekit (59712)' (0.000 seconds)
Test case 'BoardGeneratorTests/adjacencyMatchesReference(seed:)' passed on 'Clone 1 of iPhone 17 - gamekit (59712)' (0.000 seconds)
Test case 'BoardGeneratorTests/firstTapSafeAtCorner_Hard(seed:)' passed on 'Clone 1 of iPhone 17 - gamekit (59712)' (0.000 seconds)
Test case 'BoardGeneratorTests/mineCountAlwaysExact_medium(seed:)' passed on 'Clone 1 of iPhone 17 - gamekit (59712)' (0.000 seconds)
Test case 'BoardGeneratorTests/firstTapSafeAtInterior_Hard(seed:)' passed on 'Clone 1 of iPhone 17 - gamekit (59712)' (0.000 seconds)
Test case 'BoardGeneratorTests/firstTapSafeAtCorner_Easy(seed:)' passed on 'Clone 1 of iPhone 17 - gamekit (59712)' (0.000 seconds)
Test case 'BoardGeneratorTests/mineCountAlwaysExact_easy(seed:)' passed on 'Clone 1 of iPhone 17 - gamekit (59712)' (0.000 seconds)
Test case 'BoardGeneratorTests/firstTapSafeAtCorner_Hard(seed:)' passed on 'Clone 1 of iPhone 17 - gamekit (59712)' (0.000 seconds)
Test case 'BoardGeneratorTests/firstTapSafeAtCorner_Easy(seed:)' passed on 'Clone 1 of iPhone 17 - gamekit (59712)' (0.000 seconds)
Test case 'BoardGeneratorTests/mineCountAlwaysExact_medium(seed:)' passed on 'Clone 1 of iPhone 17 - gamekit (59712)' (0.000 seconds)
Test case 'BoardGeneratorTests/adjacencyMatchesReference(seed:)' passed on 'Clone 1 of iPhone 17 - gamekit (59712)' (0.000 seconds)
Test case 'BoardGeneratorTests/mineCountAlwaysExact_easy(seed:)' passed on 'Clone 1 of iPhone 17 - gamekit (59712)' (0.000 seconds)
Test case 'BoardGeneratorTests/firstTapSafeAtCorner_Hard(seed:)' passed on 'Clone 1 of iPhone 17 - gamekit (59712)' (0.000 seconds)
Test case 'BoardGeneratorTests/mineCountAlwaysExact_hard(seed:)' passed on 'Clone 1 of iPhone 17 - gamekit (59712)' (0.000 seconds)
Test case 'BoardGeneratorTests/mineCountAlwaysExact_medium(seed:)' passed on 'Clone 1 of iPhone 17 - gamekit (59712)' (0.000 seconds)
Test case 'BoardGeneratorTests/firstTapSafeAtCorner_Easy(seed:)' passed on 'Clone 1 of iPhone 17 - gamekit (59712)' (0.000 seconds)
Test case 'BoardGeneratorTests/adjacencyMatchesReference(seed:)' passed on 'Clone 1 of iPhone 17 - gamekit (59712)' (0.000 seconds)
Test case 'BoardGeneratorTests/firstTapSafeAtInterior_Hard(seed:)' passed on 'Clone 1 of iPhone 17 - gamekit (59712)' (0.000 seconds)
Test case 'BoardGeneratorTests/firstTapSafeAtCorner_Hard(seed:)' passed on 'Clone 1 of iPhone 17 - gamekit (59712)' (0.000 seconds)
Test case 'BoardGeneratorTests/mineCountAlwaysExact_easy(seed:)' passed on 'Clone 1 of iPhone 17 - gamekit (59712)' (0.000 seconds)
Test case 'BoardGeneratorTests/firstTapSafeAtCorner_Easy(seed:)' passed on 'Clone 1 of iPhone 17 - gamekit (59712)' (0.000 seconds)
Test case 'BoardGeneratorTests/adjacencyMatchesReference(seed:)' passed on 'Clone 1 of iPhone 17 - gamekit (59712)' (0.000 seconds)
Test case 'BoardGeneratorTests/mineCountAlwaysExact_medium(seed:)' passed on 'Clone 1 of iPhone 17 - gamekit (59712)' (0.000 seconds)
Test case 'BoardGeneratorTests/firstTapSafeAtInterior_Hard(seed:)' passed on 'Clone 1 of iPhone 17 - gamekit (59712)' (0.000 seconds)
Test case 'BoardGeneratorTests/mineCountAlwaysExact_hard(seed:)' passed on 'Clone 1 of iPhone 17 - gamekit (59712)' (0.000 seconds)
Test case 'BoardGeneratorTests/firstTapSafeAtCorner_Hard(seed:)' passed on 'Clone 1 of iPhone 17 - gamekit (59712)' (0.000 seconds)
Test case 'BoardGeneratorTests/adjacencyMatchesReference(seed:)' passed on 'Clone 1 of iPhone 17 - gamekit (59712)' (0.000 seconds)
Test case 'BoardGeneratorTests/mineCountAlwaysExact_easy(seed:)' passed on 'Clone 1 of iPhone 17 - gamekit (59712)' (0.000 seconds)
Test case 'BoardGeneratorTests/mineCountAlwaysExact_medium(seed:)' passed on 'Clone 1 of iPhone 17 - gamekit (59712)' (0.000 seconds)
Test case 'BoardGeneratorTests/firstTapSafeAtCorner_Easy(seed:)' passed on 'Clone 1 of iPhone 17 - gamekit (59712)' (0.000 seconds)
Test case 'BoardGeneratorTests/firstTapSafeAtInterior_Hard(seed:)' passed on 'Clone 1 of iPhone 17 - gamekit (59712)' (0.000 seconds)
Test case 'BoardGeneratorTests/mineCountAlwaysExact_hard(seed:)' passed on 'Clone 1 of iPhone 17 - gamekit (59712)' (0.000 seconds)
Test case 'BoardGeneratorTests/mineCountAlwaysExact_hard(seed:)' passed on 'Clone 1 of iPhone 17 - gamekit (59712)' (0.000 seconds)
Test case 'BoardGeneratorTests/firstTapSafeAtCorner_Easy(seed:)' passed on 'Clone 1 of iPhone 17 - gamekit (59712)' (0.000 seconds)
Test case 'BoardGeneratorTests/firstTapSafeAtInterior_Hard(seed:)' passed on 'Clone 1 of iPhone 17 - gamekit (59712)' (0.000 seconds)
Test case 'BoardGeneratorTests/firstTapSafeAtCorner_Hard(seed:)' passed on 'Clone 1 of iPhone 17 - gamekit (59712)' (0.000 seconds)
Test case 'BoardGeneratorTests/mineCountAlwaysExact_easy(seed:)' passed on 'Clone 1 of iPhone 17 - gamekit (59712)' (0.000 seconds)
Test case 'BoardGeneratorTests/adjacencyMatchesReference(seed:)' passed on 'Clone 1 of iPhone 17 - gamekit (59712)' (0.000 seconds)
Test case 'BoardGeneratorTests/mineCountAlwaysExact_medium(seed:)' passed on 'Clone 1 of iPhone 17 - gamekit (59712)' (0.000 seconds)
Test case 'BoardGeneratorTests/firstTapSafeAtCorner_Easy(seed:)' passed on 'Clone 1 of iPhone 17 - gamekit (59712)' (0.000 seconds)
Test case 'BoardGeneratorTests/firstTapSafeAtInterior_Hard(seed:)' passed on 'Clone 1 of iPhone 17 - gamekit (59712)' (0.000 seconds)
Test case 'BoardGeneratorTests/firstTapSafeAtInterior_Hard(seed:)' passed on 'Clone 1 of iPhone 17 - gamekit (59712)' (0.000 seconds)
Test case 'BoardGeneratorTests/firstTapSafeAtCorner_Hard(seed:)' passed on 'Clone 1 of iPhone 17 - gamekit (59712)' (0.000 seconds)
Test case 'BoardGeneratorTests/firstTapSafeAtCorner_Hard(seed:)' passed on 'Clone 1 of iPhone 17 - gamekit (59712)' (0.000 seconds)
Test case 'BoardGeneratorTests/mineCountAlwaysExact_easy(seed:)' passed on 'Clone 1 of iPhone 17 - gamekit (59712)' (0.000 seconds)
Test case 'BoardGeneratorTests/adjacencyMatchesReference(seed:)' passed on 'Clone 1 of iPhone 17 - gamekit (59712)' (0.000 seconds)
Test case 'BoardGeneratorTests/mineCountAlwaysExact_hard(seed:)' passed on 'Clone 1 of iPhone 17 - gamekit (59712)' (0.000 seconds)
Test case 'BoardGeneratorTests/firstTapSafeAtCorner_Easy(seed:)' passed on 'Clone 1 of iPhone 17 - gamekit (59712)' (0.000 seconds)
Test case 'BoardGeneratorTests/mineCountAlwaysExact_medium(seed:)' passed on 'Clone 1 of iPhone 17 - gamekit (59712)' (0.000 seconds)
Test case 'BoardGeneratorTests/adjacencyMatchesReference(seed:)' passed on 'Clone 1 of iPhone 17 - gamekit (59712)' (0.000 seconds)
Test case 'BoardGeneratorTests/mineCountAlwaysExact_easy(seed:)' passed on 'Clone 1 of iPhone 17 - gamekit (59712)' (0.000 seconds)
Test case 'BoardGeneratorTests/mineCountAlwaysExact_medium(seed:)' passed on 'Clone 1 of iPhone 17 - gamekit (59712)' (0.000 seconds)
Test case 'BoardGeneratorTests/mineCountAlwaysExact_hard(seed:)' passed on 'Clone 1 of iPhone 17 - gamekit (59712)' (0.000 seconds)
Test case 'BoardGeneratorTests/mineCountAlwaysExact_hard(seed:)' passed on 'Clone 1 of iPhone 17 - gamekit (59712)' (0.000 seconds)
Test case 'BoardGeneratorTests/firstTapSafeAtInterior_Hard(seed:)' passed on 'Clone 1 of iPhone 17 - gamekit (59712)' (0.000 seconds)
Test case 'BoardGeneratorTests/firstTapSafeAtCorner_Easy(seed:)' passed on 'Clone 1 of iPhone 17 - gamekit (59712)' (0.000 seconds)
Test case 'BoardGeneratorTests/firstTapSafeAtCorner_Hard(seed:)' passed on 'Clone 1 of iPhone 17 - gamekit (59712)' (0.000 seconds)
Test case 'BoardGeneratorTests/firstTapSafeAtCorner_Hard(seed:)' passed on 'Clone 1 of iPhone 17 - gamekit (59712)' (0.000 seconds)
Test case 'BoardGeneratorTests/mineCountAlwaysExact_easy(seed:)' passed on 'Clone 1 of iPhone 17 - gamekit (59712)' (0.000 seconds)
Test case 'BoardGeneratorTests/firstTapSafeAtInterior_Hard(seed:)' passed on 'Clone 1 of iPhone 17 - gamekit (59712)' (0.000 seconds)
Test case 'BoardGeneratorTests/mineCountAlwaysExact_medium(seed:)' passed on 'Clone 1 of iPhone 17 - gamekit (59712)' (0.000 seconds)
Test case 'BoardGeneratorTests/firstTapSafeAtInterior_Hard(seed:)' passed on 'Clone 1 of iPhone 17 - gamekit (59712)' (0.000 seconds)
Test case 'BoardGeneratorTests/mineCountAlwaysExact_hard(seed:)' passed on 'Clone 1 of iPhone 17 - gamekit (59712)' (0.000 seconds)
Test case 'BoardGeneratorTests/adjacencyMatchesReference(seed:)' passed on 'Clone 1 of iPhone 17 - gamekit (59712)' (0.000 seconds)
Test case 'BoardGeneratorTests/mineCountAlwaysExact_easy(seed:)' passed on 'Clone 1 of iPhone 17 - gamekit (59712)' (0.000 seconds)
Test case 'BoardGeneratorTests/firstTapSafeAtCorner_Easy(seed:)' passed on 'Clone 1 of iPhone 17 - gamekit (59712)' (0.000 seconds)
Test case 'BoardGeneratorTests/mineCountAlwaysExact_medium(seed:)' passed on 'Clone 1 of iPhone 17 - gamekit (59712)' (0.000 seconds)
Test case 'BoardGeneratorTests/adjacencyMatchesReference(seed:)' passed on 'Clone 1 of iPhone 17 - gamekit (59712)' (0.000 seconds)
Test case 'BoardGeneratorTests/mineCountAlwaysExact_easy(seed:)' passed on 'Clone 1 of iPhone 17 - gamekit (59712)' (0.000 seconds)
Test case 'BoardGeneratorTests/firstTapSafeAtCorner_Easy(seed:)' passed on 'Clone 1 of iPhone 17 - gamekit (59712)' (0.000 seconds)
Test case 'BoardGeneratorTests/firstTapSafeAtCorner_Hard(seed:)' passed on 'Clone 1 of iPhone 17 - gamekit (59712)' (0.000 seconds)
Test case 'BoardGeneratorTests/adjacencyMatchesReference(seed:)' passed on 'Clone 1 of iPhone 17 - gamekit (59712)' (0.000 seconds)
Test case 'BoardGeneratorTests/mineCountAlwaysExact_medium(seed:)' passed on 'Clone 1 of iPhone 17 - gamekit (59712)' (0.000 seconds)
Test case 'BoardGeneratorTests/mineCountAlwaysExact_hard(seed:)' passed on 'Clone 1 of iPhone 17 - gamekit (59712)' (0.000 seconds)
Test case 'BoardGeneratorTests/firstTapSafeAtInterior_Hard(seed:)' passed on 'Clone 1 of iPhone 17 - gamekit (59712)' (0.000 seconds)
Test case 'BoardGeneratorTests/firstTapSafeAtInterior_Hard(seed:)' passed on 'Clone 1 of iPhone 17 - gamekit (59712)' (0.000 seconds)
Test case 'BoardGeneratorTests/mineCountAlwaysExact_easy(seed:)' passed on 'Clone 1 of iPhone 17 - gamekit (59712)' (0.000 seconds)
Test case 'BoardGeneratorTests/adjacencyMatchesReference(seed:)' passed on 'Clone 1 of iPhone 17 - gamekit (59712)' (0.000 seconds)
Test case 'BoardGeneratorTests/firstTapSafeAtCorner_Hard(seed:)' passed on 'Clone 1 of iPhone 17 - gamekit (59712)' (0.000 seconds)
Test case 'BoardGeneratorTests/mineCountAlwaysExact_hard(seed:)' passed on 'Clone 1 of iPhone 17 - gamekit (59712)' (0.000 seconds)
Test case 'BoardGeneratorTests/firstTapSafeAtCorner_Easy(seed:)' passed on 'Clone 1 of iPhone 17 - gamekit (59712)' (0.000 seconds)
Test case 'BoardGeneratorTests/mineCountAlwaysExact_hard(seed:)' passed on 'Clone 1 of iPhone 17 - gamekit (59712)' (0.000 seconds)
Test case 'BoardGeneratorTests/mineCountAlwaysExact_easy(seed:)' passed on 'Clone 1 of iPhone 17 - gamekit (59712)' (0.000 seconds)
Test case 'BoardGeneratorTests/mineCountAlwaysExact_medium(seed:)' passed on 'Clone 1 of iPhone 17 - gamekit (59712)' (0.000 seconds)
Test case 'BoardGeneratorTests/firstTapSafeAtCorner_Hard(seed:)' passed on 'Clone 1 of iPhone 17 - gamekit (59712)' (0.000 seconds)
Test case 'BoardGeneratorTests/firstTapSafeAtInterior_Hard(seed:)' passed on 'Clone 1 of iPhone 17 - gamekit (59712)' (0.000 seconds)
Test case 'BoardGeneratorTests/firstTapSafeAtCorner_Easy(seed:)' passed on 'Clone 1 of iPhone 17 - gamekit (59712)' (0.000 seconds)
Test case 'BoardGeneratorTests/adjacencyMatchesReference(seed:)' passed on 'Clone 1 of iPhone 17 - gamekit (59712)' (0.000 seconds)
Test case 'BoardGeneratorTests/mineCountAlwaysExact_medium(seed:)' passed on 'Clone 1 of iPhone 17 - gamekit (59712)' (0.000 seconds)
Test case 'BoardGeneratorTests/firstTapSafeAtInterior_Hard(seed:)' passed on 'Clone 1 of iPhone 17 - gamekit (59712)' (0.000 seconds)
Test case 'BoardGeneratorTests/mineCountAlwaysExact_hard(seed:)' passed on 'Clone 1 of iPhone 17 - gamekit (59712)' (0.000 seconds)
Test case 'BoardGeneratorTests/adjacencyMatchesReference(seed:)' passed on 'Clone 1 of iPhone 17 - gamekit (59712)' (0.000 seconds)
Test case 'BoardGeneratorTests/firstTapSafeAtCorner_Easy(seed:)' passed on 'Clone 1 of iPhone 17 - gamekit (59712)' (0.000 seconds)
Test case 'BoardGeneratorTests/firstTapSafeAtCorner_Hard(seed:)' passed on 'Clone 1 of iPhone 17 - gamekit (59712)' (0.000 seconds)
Test case 'BoardGeneratorTests/mineCountAlwaysExact_easy(seed:)' passed on 'Clone 1 of iPhone 17 - gamekit (59712)' (0.000 seconds)
Test case 'BoardGeneratorTests/mineCountAlwaysExact_medium(seed:)' passed on 'Clone 1 of iPhone 17 - gamekit (59712)' (0.000 seconds)
Test case 'BoardGeneratorTests/firstTapSafeAtCorner_Hard(seed:)' passed on 'Clone 1 of iPhone 17 - gamekit (59712)' (0.000 seconds)
Test case 'BoardGeneratorTests/firstTapSafeAtInterior_Hard(seed:)' passed on 'Clone 1 of iPhone 17 - gamekit (59712)' (0.000 seconds)
Test case 'BoardGeneratorTests/adjacencyMatchesReference(seed:)' passed on 'Clone 1 of iPhone 17 - gamekit (59712)' (0.000 seconds)
Test case 'BoardGeneratorTests/firstTapSafeAtCorner_Easy(seed:)' passed on 'Clone 1 of iPhone 17 - gamekit (59712)' (0.000 seconds)
Test case 'BoardGeneratorTests/mineCountAlwaysExact_easy(seed:)' passed on 'Clone 1 of iPhone 17 - gamekit (59712)' (0.000 seconds)
Test case 'BoardGeneratorTests/mineCountAlwaysExact_hard(seed:)' passed on 'Clone 1 of iPhone 17 - gamekit (59712)' (0.000 seconds)
Test case 'BoardGeneratorTests/firstTapSafeAtCorner_Easy(seed:)' passed on 'Clone 1 of iPhone 17 - gamekit (59712)' (0.000 seconds)
Test case 'BoardGeneratorTests/mineCountAlwaysExact_easy(seed:)' passed on 'Clone 1 of iPhone 17 - gamekit (59712)' (0.000 seconds)
Test case 'BoardGeneratorTests/mineCountAlwaysExact_hard(seed:)' passed on 'Clone 1 of iPhone 17 - gamekit (59712)' (0.000 seconds)
Test case 'BoardGeneratorTests/firstTapSafeAtCorner_Hard(seed:)' passed on 'Clone 1 of iPhone 17 - gamekit (59712)' (0.000 seconds)
Test case 'BoardGeneratorTests/mineCountAlwaysExact_medium(seed:)' passed on 'Clone 1 of iPhone 17 - gamekit (59712)' (0.000 seconds)
Test case 'BoardGeneratorTests/mineCountAlwaysExact_easy(seed:)' passed on 'Clone 1 of iPhone 17 - gamekit (59712)' (0.000 seconds)
Test case 'BoardGeneratorTests/firstTapSafeAtCorner_Hard(seed:)' passed on 'Clone 1 of iPhone 17 - gamekit (59712)' (0.000 seconds)
Test case 'BoardGeneratorTests/firstTapSafeAtInterior_Hard(seed:)' passed on 'Clone 1 of iPhone 17 - gamekit (59712)' (0.000 seconds)
Test case 'BoardGeneratorTests/firstTapSafeAtCorner_Easy(seed:)' passed on 'Clone 1 of iPhone 17 - gamekit (59712)' (0.000 seconds)
Test case 'BoardGeneratorTests/firstTapSafeAtCorner_Hard(seed:)' passed on 'Clone 1 of iPhone 17 - gamekit (59712)' (0.000 seconds)
Test case 'BoardGeneratorTests/mineCountAlwaysExact_hard(seed:)' passed on 'Clone 1 of iPhone 17 - gamekit (59712)' (0.000 seconds)
Test case 'BoardGeneratorTests/adjacencyMatchesReference(seed:)' passed on 'Clone 1 of iPhone 17 - gamekit (59712)' (0.000 seconds)
Test case 'BoardGeneratorTests/mineCountAlwaysExact_medium(seed:)' passed on 'Clone 1 of iPhone 17 - gamekit (59712)' (0.000 seconds)
Test case 'BoardGeneratorTests/adjacencyMatchesReference(seed:)' passed on 'Clone 1 of iPhone 17 - gamekit (59712)' (0.000 seconds)
Test case 'BoardGeneratorTests/mineCountAlwaysExact_medium(seed:)' passed on 'Clone 1 of iPhone 17 - gamekit (59712)' (0.000 seconds)
Test case 'BoardGeneratorTests/firstTapSafeAtCorner_Easy(seed:)' passed on 'Clone 1 of iPhone 17 - gamekit (59712)' (0.000 seconds)
Test case 'BoardGeneratorTests/mineCountAlwaysExact_easy(seed:)' passed on 'Clone 1 of iPhone 17 - gamekit (59712)' (0.000 seconds)
Test case 'BoardGeneratorTests/mineCountAlwaysExact_easy(seed:)' passed on 'Clone 1 of iPhone 17 - gamekit (59712)' (0.000 seconds)
Test case 'BoardGeneratorTests/firstTapSafeAtCorner_Easy(seed:)' passed on 'Clone 1 of iPhone 17 - gamekit (59712)' (0.000 seconds)
Test case 'BoardGeneratorTests/mineCountAlwaysExact_medium(seed:)' passed on 'Clone 1 of iPhone 17 - gamekit (59712)' (0.000 seconds)
Test case 'BoardGeneratorTests/mineCountAlwaysExact_hard(seed:)' passed on 'Clone 1 of iPhone 17 - gamekit (59712)' (0.000 seconds)
Test case 'BoardGeneratorTests/adjacencyMatchesReference(seed:)' passed on 'Clone 1 of iPhone 17 - gamekit (59712)' (0.000 seconds)
Test case 'BoardGeneratorTests/mineCountAlwaysExact_hard(seed:)' passed on 'Clone 1 of iPhone 17 - gamekit (59712)' (0.000 seconds)
Test case 'BoardGeneratorTests/mineCountAlwaysExact_medium(seed:)' passed on 'Clone 1 of iPhone 17 - gamekit (59712)' (0.000 seconds)
Test case 'BoardGeneratorTests/firstTapSafeAtCorner_Hard(seed:)' passed on 'Clone 1 of iPhone 17 - gamekit (59712)' (0.000 seconds)
Test case 'BoardGeneratorTests/mineCountAlwaysExact_hard(seed:)' passed on 'Clone 1 of iPhone 17 - gamekit (59712)' (0.000 seconds)
Test case 'BoardGeneratorTests/firstTapSafeAtCorner_Hard(seed:)' passed on 'Clone 1 of iPhone 17 - gamekit (59712)' (0.000 seconds)
Test case 'BoardGeneratorTests/firstTapSafeAtCorner_Easy(seed:)' passed on 'Clone 1 of iPhone 17 - gamekit (59712)' (0.000 seconds)
Test case 'BoardGeneratorTests/mineCountAlwaysExact_hard(seed:)' passed on 'Clone 1 of iPhone 17 - gamekit (59712)' (0.000 seconds)
Test case 'BoardGeneratorTests/mineCountAlwaysExact_medium(seed:)' passed on 'Clone 1 of iPhone 17 - gamekit (59712)' (0.000 seconds)
Test case 'BoardGeneratorTests/adjacencyMatchesReference(seed:)' passed on 'Clone 1 of iPhone 17 - gamekit (59712)' (0.000 seconds)
Test case 'BoardGeneratorTests/adjacencyMatchesReference(seed:)' passed on 'Clone 1 of iPhone 17 - gamekit (59712)' (0.000 seconds)
Test case 'BoardGeneratorTests/mineCountAlwaysExact_medium(seed:)' passed on 'Clone 1 of iPhone 17 - gamekit (59712)' (0.000 seconds)
Test case 'BoardGeneratorTests/firstTapSafeAtCorner_Easy(seed:)' passed on 'Clone 1 of iPhone 17 - gamekit (59712)' (0.000 seconds)
Test case 'BoardGeneratorTests/firstTapSafeAtCorner_Hard(seed:)' passed on 'Clone 1 of iPhone 17 - gamekit (59712)' (0.000 seconds)
Test case 'BoardGeneratorTests/adjacencyMatchesReference(seed:)' passed on 'Clone 1 of iPhone 17 - gamekit (59712)' (0.000 seconds)
Test case 'BoardGeneratorTests/firstTapSafeAtCorner_Hard(seed:)' passed on 'Clone 1 of iPhone 17 - gamekit (59712)' (0.000 seconds)
Test case 'BoardGeneratorTests/mineCountAlwaysExact_hard(seed:)' passed on 'Clone 1 of iPhone 17 - gamekit (59712)' (0.000 seconds)
Test case 'BoardGeneratorTests/firstTapSafeAtCorner_Easy(seed:)' passed on 'Clone 1 of iPhone 17 - gamekit (59712)' (0.000 seconds)
Test case 'BoardGeneratorTests/mineCountAlwaysExact_hard(seed:)' passed on 'Clone 1 of iPhone 17 - gamekit (59712)' (0.000 seconds)
Test case 'BoardGeneratorTests/mineCountAlwaysExact_medium(seed:)' passed on 'Clone 1 of iPhone 17 - gamekit (59712)' (0.000 seconds)
Test case 'BoardGeneratorTests/mineCountAlwaysExact_hard(seed:)' passed on 'Clone 1 of iPhone 17 - gamekit (59712)' (0.000 seconds)
Test case 'BoardGeneratorTests/firstTapSafeAtCorner_Easy(seed:)' passed on 'Clone 1 of iPhone 17 - gamekit (59712)' (0.000 seconds)
Test case 'BoardGeneratorTests/firstTapSafeAtCorner_Hard(seed:)' passed on 'Clone 1 of iPhone 17 - gamekit (59712)' (0.000 seconds)
Test case 'BoardGeneratorTests/mineCountAlwaysExact_medium(seed:)' passed on 'Clone 1 of iPhone 17 - gamekit (59712)' (0.000 seconds)
Test case 'BoardGeneratorTests/adjacencyMatchesReference(seed:)' passed on 'Clone 1 of iPhone 17 - gamekit (59712)' (0.000 seconds)
Test case 'BoardGeneratorTests/mineCountAlwaysExact_hard(seed:)' passed on 'Clone 1 of iPhone 17 - gamekit (59712)' (0.000 seconds)
Test case 'BoardGeneratorTests/firstTapSafeAtCorner_Easy(seed:)' passed on 'Clone 1 of iPhone 17 - gamekit (59712)' (0.000 seconds)
Test case 'BoardGeneratorTests/mineCountAlwaysExact_medium(seed:)' passed on 'Clone 1 of iPhone 17 - gamekit (59712)' (0.000 seconds)
Test case 'BoardGeneratorTests/mineCountAlwaysExact_hard(seed:)' passed on 'Clone 1 of iPhone 17 - gamekit (59712)' (0.000 seconds)
Test case 'BoardGeneratorTests/adjacencyMatchesReference(seed:)' passed on 'Clone 1 of iPhone 17 - gamekit (59712)' (0.000 seconds)
Test case 'BoardGeneratorTests/firstTapSafeAtCorner_Hard(seed:)' passed on 'Clone 1 of iPhone 17 - gamekit (59712)' (0.000 seconds)
Test case 'BoardGeneratorTests/firstTapSafeAtCorner_Hard(seed:)' passed on 'Clone 1 of iPhone 17 - gamekit (59712)' (0.000 seconds)
Test case 'BoardGeneratorTests/firstTapSafeAtCorner_Easy(seed:)' passed on 'Clone 1 of iPhone 17 - gamekit (59712)' (0.000 seconds)
Test case 'BoardGeneratorTests/firstTapSafeAtCorner_Hard(seed:)' passed on 'Clone 1 of iPhone 17 - gamekit (59712)' (0.000 seconds)
Test case 'BoardGeneratorTests/mineCountAlwaysExact_medium(seed:)' passed on 'Clone 1 of iPhone 17 - gamekit (59712)' (0.000 seconds)
Test case 'BoardGeneratorTests/mineCountAlwaysExact_hard(seed:)' passed on 'Clone 1 of iPhone 17 - gamekit (59712)' (0.000 seconds)
Test case 'BoardGeneratorTests/firstTapSafeAtCorner_Easy(seed:)' passed on 'Clone 1 of iPhone 17 - gamekit (59712)' (0.000 seconds)
Test case 'BoardGeneratorTests/adjacencyMatchesReference(seed:)' passed on 'Clone 1 of iPhone 17 - gamekit (59712)' (0.000 seconds)
Test case 'BoardGeneratorTests/mineCountAlwaysExact_medium(seed:)' passed on 'Clone 1 of iPhone 17 - gamekit (59712)' (0.000 seconds)
Test case 'BoardGeneratorTests/firstTapSafeAtCorner_Hard(seed:)' passed on 'Clone 1 of iPhone 17 - gamekit (59712)' (0.000 seconds)
Test case 'BoardGeneratorTests/adjacencyMatchesReference(seed:)' passed on 'Clone 1 of iPhone 17 - gamekit (59712)' (0.000 seconds)
Test case 'BoardGeneratorTests/adjacencyMatchesReference(seed:)' passed on 'Clone 1 of iPhone 17 - gamekit (59712)' (0.000 seconds)
Test case 'BoardGeneratorTests/mineCountAlwaysExact_hard(seed:)' passed on 'Clone 1 of iPhone 17 - gamekit (59712)' (0.000 seconds)
Test case 'BoardGeneratorTests/firstTapSafeAtCorner_Hard(seed:)' passed on 'Clone 1 of iPhone 17 - gamekit (59712)' (0.000 seconds)
Test case 'BoardGeneratorTests/mineCountAlwaysExact_hard(seed:)' passed on 'Clone 1 of iPhone 17 - gamekit (59712)' (0.000 seconds)
Test case 'BoardGeneratorTests/adjacencyMatchesReference(seed:)' passed on 'Clone 1 of iPhone 17 - gamekit (59712)' (0.000 seconds)
Test case 'BoardGeneratorTests/mineCountAlwaysExact_hard(seed:)' passed on 'Clone 1 of iPhone 17 - gamekit (59712)' (0.000 seconds)
Test case 'BoardGeneratorTests/adjacencyMatchesReference(seed:)' passed on 'Clone 1 of iPhone 17 - gamekit (59712)' (0.000 seconds)
Test case 'BoardGeneratorTests/firstTapSafeAtCorner_Easy(seed:)' passed on 'Clone 1 of iPhone 17 - gamekit (59712)' (0.000 seconds)
Test case 'BoardGeneratorTests/firstTapSafeAtCorner_Easy(seed:)' passed on 'Clone 1 of iPhone 17 - gamekit (59712)' (0.000 seconds)
Test case 'BoardGeneratorTests/firstTapSafeAtCorner_Easy(seed:)' passed on 'Clone 1 of iPhone 17 - gamekit (59712)' (0.000 seconds)
Test case 'BoardGeneratorTests/adjacencyMatchesReference(seed:)' passed on 'Clone 1 of iPhone 17 - gamekit (59712)' (0.000 seconds)
Test case 'BoardGeneratorTests/mineCountAlwaysExact_medium(seed:)' passed on 'Clone 1 of iPhone 17 - gamekit (59712)' (0.000 seconds)
Test case 'BoardGeneratorTests/firstTapSafeAtCorner_Easy(seed:)' passed on 'Clone 1 of iPhone 17 - gamekit (59712)' (0.000 seconds)
Test case 'BoardGeneratorTests/mineCountAlwaysExact_medium(seed:)' passed on 'Clone 1 of iPhone 17 - gamekit (59712)' (0.000 seconds)
Test case 'BoardGeneratorTests/mineCountAlwaysExact_medium(seed:)' passed on 'Clone 1 of iPhone 17 - gamekit (59712)' (0.000 seconds)
Test case 'BoardGeneratorTests/mineCountAlwaysExact_medium(seed:)' passed on 'Clone 1 of iPhone 17 - gamekit (59712)' (0.000 seconds)
Test case 'BoardGeneratorTests/adjacencyMatchesReference(seed:)' passed on 'Clone 1 of iPhone 17 - gamekit (59712)' (0.000 seconds)
Test case 'BoardGeneratorTests/mineCountAlwaysExact_hard(seed:)' passed on 'Clone 1 of iPhone 17 - gamekit (59712)' (0.000 seconds)
Test case 'BoardGeneratorTests/mineCountAlwaysExact_hard(seed:)' passed on 'Clone 1 of iPhone 17 - gamekit (59712)' (0.000 seconds)
Test case 'BoardGeneratorTests/firstTapSafeAtCorner_Easy(seed:)' passed on 'Clone 1 of iPhone 17 - gamekit (59712)' (0.000 seconds)
Test case 'BoardGeneratorTests/firstTapSafeAtCorner_Easy(seed:)' passed on 'Clone 1 of iPhone 17 - gamekit (59712)' (0.000 seconds)
Test case 'BoardGeneratorTests/mineCountAlwaysExact_hard(seed:)' passed on 'Clone 1 of iPhone 17 - gamekit (59712)' (0.000 seconds)
Test case 'BoardGeneratorTests/adjacencyMatchesReference(seed:)' passed on 'Clone 1 of iPhone 17 - gamekit (59712)' (0.000 seconds)
Test case 'BoardGeneratorTests/adjacencyMatchesReference(seed:)' passed on 'Clone 1 of iPhone 17 - gamekit (59712)' (0.000 seconds)
Test case 'BoardGeneratorTests/firstTapSafeAtCorner_Easy(seed:)' passed on 'Clone 1 of iPhone 17 - gamekit (59712)' (0.000 seconds)
Test case 'BoardGeneratorTests/mineCountAlwaysExact_medium(seed:)' passed on 'Clone 1 of iPhone 17 - gamekit (59712)' (0.000 seconds)
Test case 'BoardGeneratorTests/mineCountAlwaysExact_medium(seed:)' passed on 'Clone 1 of iPhone 17 - gamekit (59712)' (0.000 seconds)
Test case 'BoardGeneratorTests/mineCountAlwaysExact_hard(seed:)' passed on 'Clone 1 of iPhone 17 - gamekit (59712)' (0.000 seconds)
Test case 'BoardGeneratorTests/firstTapSafeAtCorner_Easy(seed:)' passed on 'Clone 1 of iPhone 17 - gamekit (59712)' (0.000 seconds)
Test case 'BoardGeneratorTests/adjacencyMatchesReference(seed:)' passed on 'Clone 1 of iPhone 17 - gamekit (59712)' (0.000 seconds)
Test case 'BoardGeneratorTests/firstTapSafeAtCorner_Easy(seed:)' passed on 'Clone 1 of iPhone 17 - gamekit (59712)' (0.000 seconds)
Test case 'BoardGeneratorTests/mineCountAlwaysExact_medium(seed:)' passed on 'Clone 1 of iPhone 17 - gamekit (59712)' (0.000 seconds)
Test case 'BoardGeneratorTests/mineCountAlwaysExact_hard(seed:)' passed on 'Clone 1 of iPhone 17 - gamekit (59712)' (0.000 seconds)
Test case 'BoardGeneratorTests/adjacencyMatchesReference(seed:)' passed on 'Clone 1 of iPhone 17 - gamekit (59712)' (0.000 seconds)
Test case 'BoardGeneratorTests/firstTapSafeAtCorner_Easy(seed:)' passed on 'Clone 1 of iPhone 17 - gamekit (59712)' (0.000 seconds)
Test case 'BoardGeneratorTests/mineCountAlwaysExact_hard(seed:)' passed on 'Clone 1 of iPhone 17 - gamekit (59712)' (0.000 seconds)
Test case 'BoardGeneratorTests/mineCountAlwaysExact_medium(seed:)' passed on 'Clone 1 of iPhone 17 - gamekit (59712)' (0.000 seconds)
Test case 'BoardGeneratorTests/mineCountAlwaysExact_medium(seed:)' passed on 'Clone 1 of iPhone 17 - gamekit (59712)' (0.000 seconds)
Test case 'BoardGeneratorTests/mineCountAlwaysExact_medium(seed:)' passed on 'Clone 1 of iPhone 17 - gamekit (59712)' (0.000 seconds)
Test case 'BoardGeneratorTests/mineCountAlwaysExact_medium(seed:)' passed on 'Clone 1 of iPhone 17 - gamekit (59712)' (0.000 seconds)
Test case 'BoardGeneratorTests/firstTapSafeAtCorner_Easy(seed:)' passed on 'Clone 1 of iPhone 17 - gamekit (59712)' (0.000 seconds)
Test case 'BoardGeneratorTests/adjacencyMatchesReference(seed:)' passed on 'Clone 1 of iPhone 17 - gamekit (59712)' (0.000 seconds)
Test case 'BoardGeneratorTests/mineCountAlwaysExact_hard(seed:)' passed on 'Clone 1 of iPhone 17 - gamekit (59712)' (0.000 seconds)
Test case 'BoardGeneratorTests/firstTapSafeAtCorner_Easy(seed:)' passed on 'Clone 1 of iPhone 17 - gamekit (59712)' (0.000 seconds)
Test case 'BoardGeneratorTests/mineCountAlwaysExact_hard(seed:)' passed on 'Clone 1 of iPhone 17 - gamekit (59712)' (0.000 seconds)
Test case 'BoardGeneratorTests/firstTapSafeAtCorner_Easy(seed:)' passed on 'Clone 1 of iPhone 17 - gamekit (59712)' (0.000 seconds)
Test case 'BoardGeneratorTests/mineCountAlwaysExact_hard(seed:)' passed on 'Clone 1 of iPhone 17 - gamekit (59712)' (0.000 seconds)
Test case 'BoardGeneratorTests/firstTapSafeAtCorner_Easy(seed:)' passed on 'Clone 1 of iPhone 17 - gamekit (59712)' (0.000 seconds)
Test case 'BoardGeneratorTests/mineCountAlwaysExact_medium(seed:)' passed on 'Clone 1 of iPhone 17 - gamekit (59712)' (0.000 seconds)
Test case 'BoardGeneratorTests/mineCountAlwaysExact_medium(seed:)' passed on 'Clone 1 of iPhone 17 - gamekit (59712)' (0.000 seconds)
Test case 'BoardGeneratorTests/mineCountAlwaysExact_medium(seed:)' passed on 'Clone 1 of iPhone 17 - gamekit (59712)' (0.000 seconds)
Test case 'BoardGeneratorTests/mineCountAlwaysExact_hard(seed:)' passed on 'Clone 1 of iPhone 17 - gamekit (59712)' (0.000 seconds)
Test case 'BoardGeneratorTests/mineCountAlwaysExact_hard(seed:)' passed on 'Clone 1 of iPhone 17 - gamekit (59712)' (0.000 seconds)
Test case 'BoardGeneratorTests/mineCountAlwaysExact_medium(seed:)' passed on 'Clone 1 of iPhone 17 - gamekit (59712)' (0.000 seconds)
Test case 'BoardGeneratorTests/mineCountAlwaysExact_hard(seed:)' passed on 'Clone 1 of iPhone 17 - gamekit (59712)' (0.000 seconds)
Test case 'BoardGeneratorTests/mineCountAlwaysExact_hard(seed:)' passed on 'Clone 1 of iPhone 17 - gamekit (59712)' (0.000 seconds)
Test case 'BoardGeneratorTests/mineCountAlwaysExact_hard(seed:)' passed on 'Clone 1 of iPhone 17 - gamekit (59712)' (0.000 seconds)
Test case 'BoardGeneratorTests/mineCountAlwaysExact_medium(seed:)' passed on 'Clone 1 of iPhone 17 - gamekit (59712)' (0.000 seconds)
Test case 'BoardGeneratorTests/mineCountAlwaysExact_hard(seed:)' passed on 'Clone 1 of iPhone 17 - gamekit (59712)' (0.000 seconds)
Test case 'BoardGeneratorTests/mineCountAlwaysExact_medium(seed:)' passed on 'Clone 1 of iPhone 17 - gamekit (59712)' (0.000 seconds)
Test case 'BoardGeneratorTests/mineCountAlwaysExact_hard(seed:)' passed on 'Clone 1 of iPhone 17 - gamekit (59712)' (0.000 seconds)
Test case 'BoardGeneratorTests/mineCountAlwaysExact_hard(seed:)' passed on 'Clone 1 of iPhone 17 - gamekit (59712)' (0.000 seconds)
Test case 'BoardGeneratorTests/mineCountAlwaysExact_medium(seed:)' passed on 'Clone 1 of iPhone 17 - gamekit (59712)' (0.000 seconds)
Test case 'BoardGeneratorTests/mineCountAlwaysExact_medium(seed:)' passed on 'Clone 1 of iPhone 17 - gamekit (59712)' (0.000 seconds)
Test case 'BoardGeneratorTests/mineCountAlwaysExact_medium(seed:)' passed on 'Clone 1 of iPhone 17 - gamekit (59712)' (0.000 seconds)
Test case 'BoardGeneratorTests/mineCountAlwaysExact_medium(seed:)' passed on 'Clone 1 of iPhone 17 - gamekit (59712)' (0.000 seconds)
Test case 'BoardGeneratorTests/mineCountAlwaysExact_hard(seed:)' passed on 'Clone 1 of iPhone 17 - gamekit (59712)' (0.000 seconds)
Test case 'BoardGeneratorTests/mineCountAlwaysExact_hard(seed:)' passed on 'Clone 1 of iPhone 17 - gamekit (59712)' (0.000 seconds)
Test case 'BoardGeneratorTests/mineCountAlwaysExact_medium(seed:)' passed on 'Clone 1 of iPhone 17 - gamekit (59712)' (0.000 seconds)
Test case 'BoardGeneratorTests/mineCountAlwaysExact_medium(seed:)' passed on 'Clone 1 of iPhone 17 - gamekit (59712)' (0.000 seconds)
Test case 'BoardGeneratorTests/mineCountAlwaysExact_hard(seed:)' passed on 'Clone 1 of iPhone 17 - gamekit (59712)' (0.000 seconds)
Test case 'BoardGeneratorTests/mineCountAlwaysExact_medium(seed:)' passed on 'Clone 1 of iPhone 17 - gamekit (59712)' (0.000 seconds)
Test case 'BoardGeneratorTests/mineCountAlwaysExact_medium(seed:)' passed on 'Clone 1 of iPhone 17 - gamekit (59712)' (0.000 seconds)
Test case 'BoardGeneratorTests/mineCountAlwaysExact_hard(seed:)' passed on 'Clone 1 of iPhone 17 - gamekit (59712)' (0.000 seconds)
Test case 'BoardGeneratorTests/mineCountAlwaysExact_hard(seed:)' passed on 'Clone 1 of iPhone 17 - gamekit (59712)' (0.000 seconds)
Test case 'BoardGeneratorTests/mineCountAlwaysExact_hard(seed:)' passed on 'Clone 1 of iPhone 17 - gamekit (59712)' (0.000 seconds)
Test case 'BoardGeneratorTests/mineCountAlwaysExact_hard(seed:)' passed on 'Clone 1 of iPhone 17 - gamekit (59712)' (0.000 seconds)
Test case 'BoardGeneratorTests/mineCountAlwaysExact_hard(seed:)' passed on 'Clone 1 of iPhone 17 - gamekit (59712)' (0.000 seconds)
Test case 'BoardGeneratorTests/mineCountAlwaysExact_hard(seed:)' passed on 'Clone 1 of iPhone 17 - gamekit (59712)' (0.000 seconds)
Test case 'BoardGeneratorTests/mineCountAlwaysExact_hard(seed:)' passed on 'Clone 1 of iPhone 17 - gamekit (59712)' (0.000 seconds)
Test case 'BoardGeneratorTests/mineCountAlwaysExact_hard(seed:)' passed on 'Clone 1 of iPhone 17 - gamekit (59712)' (0.000 seconds)
Test case 'BoardGeneratorTests/mineCountAlwaysExact_hard(seed:)' passed on 'Clone 1 of iPhone 17 - gamekit (59712)' (0.000 seconds)
Test case 'BoardGeneratorTests/mineCountAlwaysExact_hard(seed:)' passed on 'Clone 1 of iPhone 17 - gamekit (59712)' (0.000 seconds)
Test case 'BoardGeneratorTests/mineCountAlwaysExact_hard(seed:)' passed on 'Clone 1 of iPhone 17 - gamekit (59712)' (0.000 seconds)
Test case 'BoardGeneratorTests/mineCountAlwaysExact_hard(seed:)' passed on 'Clone 1 of iPhone 17 - gamekit (59712)' (0.000 seconds)
Test case 'BoardGeneratorTests/mineCountAlwaysExact_hard(seed:)' passed on 'Clone 1 of iPhone 17 - gamekit (59712)' (0.000 seconds)
Test case 'BoardGeneratorTests/mineCountAlwaysExact_hard(seed:)' passed on 'Clone 1 of iPhone 17 - gamekit (59712)' (0.000 seconds)
Test case 'BoardGeneratorTests/mineCountAlwaysExact_hard(seed:)' passed on 'Clone 1 of iPhone 17 - gamekit (59712)' (0.000 seconds)
Test case 'BoardGeneratorTests/mineCountAlwaysExact_hard(seed:)' passed on 'Clone 1 of iPhone 17 - gamekit (59712)' (0.000 seconds)
Test case 'BoardGeneratorTests/mineCountAlwaysExact_hard(seed:)' passed on 'Clone 1 of iPhone 17 - gamekit (59712)' (0.000 seconds)
Test case 'BoardGeneratorTests/mineCountAlwaysExact_hard(seed:)' passed on 'Clone 1 of iPhone 17 - gamekit (59712)' (0.000 seconds)
Test case 'BoardGeneratorTests/mineCountAlwaysExact_hard(seed:)' passed on 'Clone 1 of iPhone 17 - gamekit (59712)' (0.000 seconds)
Test case 'BoardGeneratorTests/mineCountAlwaysExact_hard(seed:)' passed on 'Clone 1 of iPhone 17 - gamekit (59712)' (0.000 seconds)
Test case 'BoardGeneratorTests/mineCountAlwaysExact_hard(seed:)' passed on 'Clone 1 of iPhone 17 - gamekit (59712)' (0.000 seconds)
Test case 'BoardGeneratorTests/mineCountAlwaysExact_hard(seed:)' passed on 'Clone 1 of iPhone 17 - gamekit (59712)' (0.000 seconds)
Test case 'BoardGeneratorTests/mineCountAlwaysExact_hard(seed:)' passed on 'Clone 1 of iPhone 17 - gamekit (59712)' (0.000 seconds)
Test case 'BoardGeneratorTests/mineCountAlwaysExact_hard(seed:)' passed on 'Clone 1 of iPhone 17 - gamekit (59712)' (0.000 seconds)
Test case 'BoardGeneratorTests/mineCountAlwaysExact_hard(seed:)' passed on 'Clone 1 of iPhone 17 - gamekit (59712)' (0.000 seconds)
Test case 'BoardGeneratorTests/mineCountAlwaysExact_hard(seed:)' passed on 'Clone 1 of iPhone 17 - gamekit (59712)' (0.000 seconds)
Test case 'BoardGeneratorTests/mineCountAlwaysExact_hard(seed:)' passed on 'Clone 1 of iPhone 17 - gamekit (59712)' (0.000 seconds)
Test case 'BoardGeneratorTests/mineCountAlwaysExact_hard(seed:)' passed on 'Clone 1 of iPhone 17 - gamekit (59712)' (0.000 seconds)
Test case 'BoardGeneratorTests/mineCountAlwaysExact_hard(seed:)' passed on 'Clone 1 of iPhone 17 - gamekit (59712)' (0.000 seconds)
Test case 'BoardGeneratorTests/mineCountAlwaysExact_hard(seed:)' passed on 'Clone 1 of iPhone 17 - gamekit (59712)' (0.000 seconds)
Test case 'BoardGeneratorTests/mineCountAlwaysExact_hard(seed:)' passed on 'Clone 1 of iPhone 17 - gamekit (59712)' (0.000 seconds)
Test case 'BoardGeneratorTests/mineCountAlwaysExact_hard(seed:)' passed on 'Clone 1 of iPhone 17 - gamekit (59712)' (0.000 seconds)
Test case 'BoardGeneratorTests/mineCountAlwaysExact_hard(seed:)' passed on 'Clone 1 of iPhone 17 - gamekit (59712)' (0.000 seconds)
Test case 'BoardGeneratorTests/mineCountAlwaysExact_hard(seed:)' passed on 'Clone 1 of iPhone 17 - gamekit (59712)' (0.000 seconds)
Test case 'BoardGeneratorTests/mineCountAlwaysExact_hard(seed:)' passed on 'Clone 1 of iPhone 17 - gamekit (59712)' (0.000 seconds)
Test case 'BoardGeneratorTests/mineCountAlwaysExact_hard(seed:)' passed on 'Clone 1 of iPhone 17 - gamekit (59712)' (0.000 seconds)
Test case 'BoardGeneratorTests/mineCountAlwaysExact_hard(seed:)' passed on 'Clone 1 of iPhone 17 - gamekit (59712)' (0.000 seconds)
Test case 'BoardGeneratorTests/mineCountAlwaysExact_hard(seed:)' passed on 'Clone 1 of iPhone 17 - gamekit (59712)' (0.000 seconds)
Test case 'BoardGeneratorTests/mineCountAlwaysExact_hard(seed:)' passed on 'Clone 1 of iPhone 17 - gamekit (59712)' (0.000 seconds)
Test case 'BoardGeneratorTests/mineCountAlwaysExact_hard(seed:)' passed on 'Clone 1 of iPhone 17 - gamekit (59712)' (0.000 seconds)
Test case 'BoardGeneratorTests/mineCountAlwaysExact_hard(seed:)' passed on 'Clone 1 of iPhone 17 - gamekit (59712)' (0.000 seconds)
Test case 'BoardGeneratorTests/mineCountAlwaysExact_hard(seed:)' passed on 'Clone 1 of iPhone 17 - gamekit (59712)' (0.000 seconds)
Test case 'BoardGeneratorTests/mineCountAlwaysExact_hard(seed:)' passed on 'Clone 1 of iPhone 17 - gamekit (59712)' (0.000 seconds)
Test case 'BoardGeneratorTests/mineCountAlwaysExact_hard(seed:)' passed on 'Clone 1 of iPhone 17 - gamekit (59712)' (0.000 seconds)
Test case 'BoardGeneratorTests/mineCountAlwaysExact_hard(seed:)' passed on 'Clone 1 of iPhone 17 - gamekit (59712)' (0.000 seconds)
Test case 'BoardGeneratorTests/mineCountAlwaysExact_hard(seed:)' passed on 'Clone 1 of iPhone 17 - gamekit (59712)' (0.000 seconds)
Test case 'BoardGeneratorTests/mineCountAlwaysExact_hard(seed:)' passed on 'Clone 1 of iPhone 17 - gamekit (59712)' (0.000 seconds)
Test case 'BoardGeneratorTests/mineCountAlwaysExact_hard(seed:)' passed on 'Clone 1 of iPhone 17 - gamekit (59712)' (0.000 seconds)
Test case 'BoardGeneratorTests/mineCountAlwaysExact_hard(seed:)' passed on 'Clone 1 of iPhone 17 - gamekit (59712)' (0.000 seconds)
Test case 'BoardGeneratorTests/mineCountAlwaysExact_hard(seed:)' passed on 'Clone 1 of iPhone 17 - gamekit (59712)' (0.000 seconds)
Test case 'BoardGeneratorTests/mineCountAlwaysExact_hard(seed:)' passed on 'Clone 1 of iPhone 17 - gamekit (59712)' (0.000 seconds)
Test case 'BoardGeneratorTests/mineCountAlwaysExact_hard(seed:)' passed on 'Clone 1 of iPhone 17 - gamekit (59712)' (0.000 seconds)
Test case 'WinDetectorTests/mutualExclusionFuzz(seed:)' passed on 'Clone 1 of iPhone 17 - gamekit (59712)' (0.000 seconds)
Test case 'WinDetectorTests/mutualExclusionFuzz(seed:)' passed on 'Clone 1 of iPhone 17 - gamekit (59712)' (0.000 seconds)
Test case 'WinDetectorTests/mutualExclusionFuzz(seed:)' passed on 'Clone 1 of iPhone 17 - gamekit (59712)' (0.000 seconds)
Test case 'WinDetectorTests/mutualExclusionFuzz(seed:)' passed on 'Clone 1 of iPhone 17 - gamekit (59712)' (0.000 seconds)
Test case 'WinDetectorTests/mutualExclusionFuzz(seed:)' passed on 'Clone 1 of iPhone 17 - gamekit (59712)' (0.000 seconds)
Test case 'WinDetectorTests/mutualExclusionFuzz(seed:)' passed on 'Clone 1 of iPhone 17 - gamekit (59712)' (0.000 seconds)
Test case 'WinDetectorTests/mutualExclusionFuzz(seed:)' passed on 'Clone 1 of iPhone 17 - gamekit (59712)' (0.000 seconds)
Test case 'WinDetectorTests/mutualExclusionFuzz(seed:)' passed on 'Clone 1 of iPhone 17 - gamekit (59712)' (0.000 seconds)
Test case 'WinDetectorTests/mutualExclusionFuzz(seed:)' passed on 'Clone 1 of iPhone 17 - gamekit (59712)' (0.000 seconds)
Test case 'WinDetectorTests/mutualExclusionFuzz(seed:)' passed on 'Clone 1 of iPhone 17 - gamekit (59712)' (0.000 seconds)
Test case 'WinDetectorTests/mutualExclusionFuzz(seed:)' passed on 'Clone 1 of iPhone 17 - gamekit (59712)' (0.000 seconds)
Test case 'WinDetectorTests/mutualExclusionFuzz(seed:)' passed on 'Clone 1 of iPhone 17 - gamekit (59712)' (0.000 seconds)
Test case 'WinDetectorTests/mutualExclusionFuzz(seed:)' passed on 'Clone 1 of iPhone 17 - gamekit (59712)' (0.000 seconds)
Test case 'WinDetectorTests/mutualExclusionFuzz(seed:)' passed on 'Clone 1 of iPhone 17 - gamekit (59712)' (0.000 seconds)
Test case 'WinDetectorTests/mutualExclusionFuzz(seed:)' passed on 'Clone 1 of iPhone 17 - gamekit (59712)' (0.000 seconds)
Test case 'WinDetectorTests/mutualExclusionFuzz(seed:)' passed on 'Clone 1 of iPhone 17 - gamekit (59712)' (0.000 seconds)
Test case 'WinDetectorTests/mutualExclusionFuzz(seed:)' passed on 'Clone 1 of iPhone 17 - gamekit (59712)' (0.000 seconds)
Test case 'WinDetectorTests/mutualExclusionFuzz(seed:)' passed on 'Clone 1 of iPhone 17 - gamekit (59712)' (0.000 seconds)
Test case 'WinDetectorTests/mutualExclusionFuzz(seed:)' passed on 'Clone 1 of iPhone 17 - gamekit (59712)' (0.000 seconds)
Test case 'WinDetectorTests/mutualExclusionFuzz(seed:)' passed on 'Clone 1 of iPhone 17 - gamekit (59712)' (0.000 seconds)
Test case 'WinDetectorTests/mutualExclusionFuzz(seed:)' passed on 'Clone 1 of iPhone 17 - gamekit (59712)' (0.000 seconds)
Test case 'WinDetectorTests/mutualExclusionFuzz(seed:)' passed on 'Clone 1 of iPhone 17 - gamekit (59712)' (0.000 seconds)
Test case 'WinDetectorTests/mutualExclusionFuzz(seed:)' passed on 'Clone 1 of iPhone 17 - gamekit (59712)' (0.000 seconds)
Test case 'WinDetectorTests/mutualExclusionFuzz(seed:)' passed on 'Clone 1 of iPhone 17 - gamekit (59712)' (0.000 seconds)
Test case 'WinDetectorTests/mutualExclusionFuzz(seed:)' passed on 'Clone 1 of iPhone 17 - gamekit (59712)' (0.000 seconds)
Test case 'WinDetectorTests/mutualExclusionFuzz(seed:)' passed on 'Clone 1 of iPhone 17 - gamekit (59712)' (0.000 seconds)
Test case 'WinDetectorTests/mutualExclusionFuzz(seed:)' passed on 'Clone 1 of iPhone 17 - gamekit (59712)' (0.000 seconds)
Test case 'RevealEngineTests/idempotenceFuzz(seed:)' passed on 'Clone 1 of iPhone 17 - gamekit (59712)' (0.000 seconds)
Test case 'RevealEngineTests/idempotenceFuzz(seed:)' passed on 'Clone 1 of iPhone 17 - gamekit (59712)' (0.000 seconds)
Test case 'WinDetectorTests/mutualExclusionFuzz(seed:)' passed on 'Clone 1 of iPhone 17 - gamekit (59712)' (0.000 seconds)
Test case 'RevealEngineTests/idempotenceFuzz(seed:)' passed on 'Clone 1 of iPhone 17 - gamekit (59712)' (0.000 seconds)
Test case 'RevealEngineTests/idempotenceFuzz(seed:)' passed on 'Clone 1 of iPhone 17 - gamekit (59712)' (0.000 seconds)
Test case 'RevealEngineTests/idempotenceFuzz(seed:)' passed on 'Clone 1 of iPhone 17 - gamekit (59712)' (0.000 seconds)
Test case 'RevealEngineTests/idempotenceFuzz(seed:)' passed on 'Clone 1 of iPhone 17 - gamekit (59712)' (0.000 seconds)
Test case 'RevealEngineTests/idempotenceFuzz(seed:)' passed on 'Clone 1 of iPhone 17 - gamekit (59712)' (0.000 seconds)
Test case 'RevealEngineTests/idempotenceFuzz(seed:)' passed on 'Clone 1 of iPhone 17 - gamekit (59712)' (0.000 seconds)
Test case 'WinDetectorTests/mutualExclusionFuzz(seed:)' passed on 'Clone 1 of iPhone 17 - gamekit (59712)' (0.000 seconds)
Test case 'RevealEngineTests/idempotenceFuzz(seed:)' passed on 'Clone 1 of iPhone 17 - gamekit (59712)' (0.000 seconds)
Test case 'RevealEngineTests/idempotenceFuzz(seed:)' passed on 'Clone 1 of iPhone 17 - gamekit (59712)' (0.000 seconds)
Test case 'RevealEngineTests/idempotenceFuzz(seed:)' passed on 'Clone 1 of iPhone 17 - gamekit (59712)' (0.000 seconds)
Test case 'RevealEngineTests/idempotenceFuzz(seed:)' passed on 'Clone 1 of iPhone 17 - gamekit (59712)' (0.000 seconds)
Test case 'WinDetectorTests/mutualExclusionFuzz(seed:)' passed on 'Clone 1 of iPhone 17 - gamekit (59712)' (0.000 seconds)
Test case 'RevealEngineTests/idempotenceFuzz(seed:)' passed on 'Clone 1 of iPhone 17 - gamekit (59712)' (0.000 seconds)
Test case 'RevealEngineTests/idempotenceFuzz(seed:)' passed on 'Clone 1 of iPhone 17 - gamekit (59712)' (0.000 seconds)
Test case 'RevealEngineTests/idempotenceFuzz(seed:)' passed on 'Clone 1 of iPhone 17 - gamekit (59712)' (0.000 seconds)
Test case 'RevealEngineTests/idempotenceFuzz(seed:)' passed on 'Clone 1 of iPhone 17 - gamekit (59712)' (0.000 seconds)
Test case 'RevealEngineTests/idempotenceFuzz(seed:)' passed on 'Clone 1 of iPhone 17 - gamekit (59712)' (0.000 seconds)
Test case 'RevealEngineTests/idempotenceFuzz(seed:)' passed on 'Clone 1 of iPhone 17 - gamekit (59712)' (0.000 seconds)
Test case 'RevealEngineTests/idempotenceFuzz(seed:)' passed on 'Clone 1 of iPhone 17 - gamekit (59712)' (0.000 seconds)
Test case 'RevealEngineTests/idempotenceFuzz(seed:)' passed on 'Clone 1 of iPhone 17 - gamekit (59712)' (0.000 seconds)
Test case 'RevealEngineTests/idempotenceFuzz(seed:)' passed on 'Clone 1 of iPhone 17 - gamekit (59712)' (0.000 seconds)
Test case 'RevealEngineTests/idempotenceFuzz(seed:)' passed on 'Clone 1 of iPhone 17 - gamekit (59712)' (0.000 seconds)
Test case 'RevealEngineTests/idempotenceFuzz(seed:)' passed on 'Clone 1 of iPhone 17 - gamekit (59712)' (0.000 seconds)
Test case 'RevealEngineTests/idempotenceFuzz(seed:)' passed on 'Clone 1 of iPhone 17 - gamekit (59712)' (0.000 seconds)
Test case 'RevealEngineTests/idempotenceFuzz(seed:)' passed on 'Clone 1 of iPhone 17 - gamekit (59712)' (0.000 seconds)
Test case 'RevealEngineTests/idempotenceFuzz(seed:)' passed on 'Clone 1 of iPhone 17 - gamekit (59712)' (0.000 seconds)
Test case 'RevealEngineTests/idempotenceFuzz(seed:)' passed on 'Clone 1 of iPhone 17 - gamekit (59712)' (0.000 seconds)
Test case 'RevealEngineTests/idempotenceFuzz(seed:)' passed on 'Clone 1 of iPhone 17 - gamekit (59712)' (0.000 seconds)
Test case 'RevealEngineTests/idempotenceFuzz(seed:)' passed on 'Clone 1 of iPhone 17 - gamekit (59712)' (0.000 seconds)
Test case 'RevealEngineTests/idempotenceFuzz(seed:)' passed on 'Clone 1 of iPhone 17 - gamekit (59712)' (0.000 seconds)
Test case 'BoardSpawnerTests/spawn_intoEmptyBoard_addsOneTile(seed:)' passed on 'Clone 1 of iPhone 17 - gamekit (59712)' (0.000 seconds)
Test case 'BoardSpawnerTests/spawn_intoEmptyBoard_addsOneTile(seed:)' passed on 'Clone 1 of iPhone 17 - gamekit (59712)' (0.000 seconds)
Test case 'BoardSpawnerTests/spawn_intoEmptyBoard_addsOneTile(seed:)' passed on 'Clone 1 of iPhone 17 - gamekit (59712)' (0.000 seconds)
Test case 'BoardSpawnerTests/spawn_intoEmptyBoard_addsOneTile(seed:)' passed on 'Clone 1 of iPhone 17 - gamekit (59712)' (0.000 seconds)
Test case 'BoardSpawnerTests/spawn_intoEmptyBoard_addsOneTile(seed:)' passed on 'Clone 1 of iPhone 17 - gamekit (59712)' (0.000 seconds)
Test case 'BoardSpawnerTests/spawn_intoEmptyBoard_addsOneTile(seed:)' passed on 'Clone 1 of iPhone 17 - gamekit (59712)' (0.000 seconds)
Test case 'BoardSpawnerTests/spawn_intoEmptyBoard_addsOneTile(seed:)' passed on 'Clone 1 of iPhone 17 - gamekit (59712)' (0.000 seconds)
Test case 'BoardSpawnerTests/spawn_intoEmptyBoard_addsOneTile(seed:)' passed on 'Clone 1 of iPhone 17 - gamekit (59712)' (0.000 seconds)
Test case 'BoardSpawnerTests/spawn_intoEmptyBoard_addsOneTile(seed:)' passed on 'Clone 1 of iPhone 17 - gamekit (59712)' (0.000 seconds)
Test case 'BoardSpawnerTests/spawn_intoEmptyBoard_addsOneTile(seed:)' passed on 'Clone 1 of iPhone 17 - gamekit (59712)' (0.000 seconds)
Test case 'BoardSpawnerTests/spawn_intoEmptyBoard_addsOneTile(seed:)' passed on 'Clone 1 of iPhone 17 - gamekit (59712)' (0.000 seconds)
Test case 'BoardSpawnerTests/spawn_intoEmptyBoard_addsOneTile(seed:)' passed on 'Clone 1 of iPhone 17 - gamekit (59712)' (0.000 seconds)
Test case 'BoardSpawnerTests/spawn_intoEmptyBoard_addsOneTile(seed:)' passed on 'Clone 1 of iPhone 17 - gamekit (59712)' (0.000 seconds)
Test case 'BoardSpawnerTests/initialBoard_hasExactlyTwoTiles(seed:)' passed on 'Clone 1 of iPhone 17 - gamekit (59712)' (0.000 seconds)
Test case 'BoardSpawnerTests/spawn_intoEmptyBoard_addsOneTile(seed:)' passed on 'Clone 1 of iPhone 17 - gamekit (59712)' (0.000 seconds)
Test case 'BoardSpawnerTests/initialBoard_hasExactlyTwoTiles(seed:)' passed on 'Clone 1 of iPhone 17 - gamekit (59712)' (0.000 seconds)
Test case 'BoardSpawnerTests/spawn_intoEmptyBoard_addsOneTile(seed:)' passed on 'Clone 1 of iPhone 17 - gamekit (59712)' (0.000 seconds)
Test case 'BoardSpawnerTests/spawn_intoEmptyBoard_addsOneTile(seed:)' passed on 'Clone 1 of iPhone 17 - gamekit (59712)' (0.000 seconds)
Test case 'BoardSpawnerTests/initialBoard_hasExactlyTwoTiles(seed:)' passed on 'Clone 1 of iPhone 17 - gamekit (59712)' (0.000 seconds)
Test case 'BoardSpawnerTests/spawn_intoEmptyBoard_addsOneTile(seed:)' passed on 'Clone 1 of iPhone 17 - gamekit (59712)' (0.000 seconds)
Test case 'BoardSpawnerTests/initialBoard_hasExactlyTwoTiles(seed:)' passed on 'Clone 1 of iPhone 17 - gamekit (59712)' (0.000 seconds)
Test case 'BoardSpawnerTests/initialBoard_hasExactlyTwoTiles(seed:)' passed on 'Clone 1 of iPhone 17 - gamekit (59712)' (0.000 seconds)
Test case 'BoardSpawnerTests/spawn_intoEmptyBoard_addsOneTile(seed:)' passed on 'Clone 1 of iPhone 17 - gamekit (59712)' (0.000 seconds)
Test case 'BoardSpawnerTests/initialBoard_hasExactlyTwoTiles(seed:)' passed on 'Clone 1 of iPhone 17 - gamekit (59712)' (0.000 seconds)
Test case 'BoardSpawnerTests/spawn_intoEmptyBoard_addsOneTile(seed:)' passed on 'Clone 1 of iPhone 17 - gamekit (59712)' (0.000 seconds)
Test case 'BoardSpawnerTests/spawn_intoEmptyBoard_addsOneTile(seed:)' passed on 'Clone 1 of iPhone 17 - gamekit (59712)' (0.000 seconds)
Test case 'BoardSpawnerTests/initialBoard_hasExactlyTwoTiles(seed:)' passed on 'Clone 1 of iPhone 17 - gamekit (59712)' (0.000 seconds)
Test case 'BoardSpawnerTests/spawn_intoEmptyBoard_addsOneTile(seed:)' passed on 'Clone 1 of iPhone 17 - gamekit (59712)' (0.000 seconds)
Test case 'BoardSpawnerTests/spawn_intoEmptyBoard_addsOneTile(seed:)' passed on 'Clone 1 of iPhone 17 - gamekit (59712)' (0.000 seconds)
Test case 'BoardSpawnerTests/initialBoard_hasExactlyTwoTiles(seed:)' passed on 'Clone 1 of iPhone 17 - gamekit (59712)' (0.000 seconds)
Test case 'BoardSpawnerTests/initialBoard_hasExactlyTwoTiles(seed:)' passed on 'Clone 1 of iPhone 17 - gamekit (59712)' (0.000 seconds)
Test case 'BoardSpawnerTests/initialBoard_hasExactlyTwoTiles(seed:)' passed on 'Clone 1 of iPhone 17 - gamekit (59712)' (0.000 seconds)
Test case 'BoardSpawnerTests/spawn_intoEmptyBoard_addsOneTile(seed:)' passed on 'Clone 1 of iPhone 17 - gamekit (59712)' (0.000 seconds)
Test case 'BoardSpawnerTests/initialBoard_hasExactlyTwoTiles(seed:)' passed on 'Clone 1 of iPhone 17 - gamekit (59712)' (0.000 seconds)
Test case 'BoardSpawnerTests/spawn_intoEmptyBoard_addsOneTile(seed:)' passed on 'Clone 1 of iPhone 17 - gamekit (59712)' (0.000 seconds)
Test case 'BoardSpawnerTests/spawn_intoEmptyBoard_addsOneTile(seed:)' passed on 'Clone 1 of iPhone 17 - gamekit (59712)' (0.000 seconds)
Test case 'BoardSpawnerTests/initialBoard_hasExactlyTwoTiles(seed:)' passed on 'Clone 1 of iPhone 17 - gamekit (59712)' (0.000 seconds)
Test case 'BoardSpawnerTests/spawn_intoEmptyBoard_addsOneTile(seed:)' passed on 'Clone 1 of iPhone 17 - gamekit (59712)' (0.000 seconds)
Test case 'BoardSpawnerTests/initialBoard_hasExactlyTwoTiles(seed:)' passed on 'Clone 1 of iPhone 17 - gamekit (59712)' (0.000 seconds)
Test case 'BoardSpawnerTests/initialBoard_hasExactlyTwoTiles(seed:)' passed on 'Clone 1 of iPhone 17 - gamekit (59712)' (0.000 seconds)
Test case 'BoardSpawnerTests/initialBoard_hasExactlyTwoTiles(seed:)' passed on 'Clone 1 of iPhone 17 - gamekit (59712)' (0.000 seconds)
Test case 'BoardSpawnerTests/spawn_intoEmptyBoard_addsOneTile(seed:)' passed on 'Clone 1 of iPhone 17 - gamekit (59712)' (0.000 seconds)
Test case 'BoardSpawnerTests/spawn_intoEmptyBoard_addsOneTile(seed:)' passed on 'Clone 1 of iPhone 17 - gamekit (59712)' (0.000 seconds)
Test case 'BoardSpawnerTests/spawn_intoEmptyBoard_addsOneTile(seed:)' passed on 'Clone 1 of iPhone 17 - gamekit (59712)' (0.000 seconds)
Test case 'BoardSpawnerTests/spawn_intoEmptyBoard_addsOneTile(seed:)' passed on 'Clone 1 of iPhone 17 - gamekit (59712)' (0.000 seconds)
Test case 'BoardSpawnerTests/initialBoard_hasExactlyTwoTiles(seed:)' passed on 'Clone 1 of iPhone 17 - gamekit (59712)' (0.000 seconds)
Test case 'BoardSpawnerTests/initialBoard_hasExactlyTwoTiles(seed:)' passed on 'Clone 1 of iPhone 17 - gamekit (59712)' (0.000 seconds)
Test case 'BoardSpawnerTests/spawn_intoEmptyBoard_addsOneTile(seed:)' passed on 'Clone 1 of iPhone 17 - gamekit (59712)' (0.000 seconds)
Test case 'BoardSpawnerTests/spawn_intoEmptyBoard_addsOneTile(seed:)' passed on 'Clone 1 of iPhone 17 - gamekit (59712)' (0.000 seconds)
Test case 'BoardSpawnerTests/spawn_intoEmptyBoard_addsOneTile(seed:)' passed on 'Clone 1 of iPhone 17 - gamekit (59712)' (0.000 seconds)
Test case 'BoardSpawnerTests/initialBoard_hasExactlyTwoTiles(seed:)' passed on 'Clone 1 of iPhone 17 - gamekit (59712)' (0.000 seconds)
Test case 'BoardSpawnerTests/initialBoard_hasExactlyTwoTiles(seed:)' passed on 'Clone 1 of iPhone 17 - gamekit (59712)' (0.000 seconds)
Test case 'BoardSpawnerTests/spawn_intoEmptyBoard_addsOneTile(seed:)' passed on 'Clone 1 of iPhone 17 - gamekit (59712)' (0.000 seconds)
Test case 'BoardSpawnerTests/spawn_intoEmptyBoard_addsOneTile(seed:)' passed on 'Clone 1 of iPhone 17 - gamekit (59712)' (0.000 seconds)
Test case 'BoardSpawnerTests/spawn_intoEmptyBoard_addsOneTile(seed:)' passed on 'Clone 1 of iPhone 17 - gamekit (59712)' (0.000 seconds)
Test case 'BoardSpawnerTests/initialBoard_hasExactlyTwoTiles(seed:)' passed on 'Clone 1 of iPhone 17 - gamekit (59712)' (0.000 seconds)
Test case 'BoardSpawnerTests/spawn_intoEmptyBoard_addsOneTile(seed:)' passed on 'Clone 1 of iPhone 17 - gamekit (59712)' (0.000 seconds)
Test case 'BoardSpawnerTests/initialBoard_hasExactlyTwoTiles(seed:)' passed on 'Clone 1 of iPhone 17 - gamekit (59712)' (0.000 seconds)
Test case 'BoardSpawnerTests/initialBoard_hasExactlyTwoTiles(seed:)' passed on 'Clone 1 of iPhone 17 - gamekit (59712)' (0.000 seconds)
Test case 'BoardSpawnerTests/initialBoard_hasExactlyTwoTiles(seed:)' passed on 'Clone 1 of iPhone 17 - gamekit (59712)' (0.000 seconds)
Test case 'BoardSpawnerTests/spawn_intoEmptyBoard_addsOneTile(seed:)' passed on 'Clone 1 of iPhone 17 - gamekit (59712)' (0.000 seconds)
Test case 'BoardSpawnerTests/spawn_intoEmptyBoard_addsOneTile(seed:)' passed on 'Clone 1 of iPhone 17 - gamekit (59712)' (0.000 seconds)
Test case 'BoardSpawnerTests/spawn_intoEmptyBoard_addsOneTile(seed:)' passed on 'Clone 1 of iPhone 17 - gamekit (59712)' (0.000 seconds)
Test case 'BoardSpawnerTests/initialBoard_hasExactlyTwoTiles(seed:)' passed on 'Clone 1 of iPhone 17 - gamekit (59712)' (0.000 seconds)
Test case 'BoardSpawnerTests/initialBoard_hasExactlyTwoTiles(seed:)' passed on 'Clone 1 of iPhone 17 - gamekit (59712)' (0.000 seconds)
Test case 'BoardSpawnerTests/initialBoard_hasExactlyTwoTiles(seed:)' passed on 'Clone 1 of iPhone 17 - gamekit (59712)' (0.000 seconds)
Test case 'BoardSpawnerTests/initialBoard_hasExactlyTwoTiles(seed:)' passed on 'Clone 1 of iPhone 17 - gamekit (59712)' (0.000 seconds)
Test case 'BoardSpawnerTests/spawn_intoEmptyBoard_addsOneTile(seed:)' passed on 'Clone 1 of iPhone 17 - gamekit (59712)' (0.000 seconds)
Test case 'BoardSpawnerTests/spawn_intoEmptyBoard_addsOneTile(seed:)' passed on 'Clone 1 of iPhone 17 - gamekit (59712)' (0.000 seconds)
Test case 'BoardSpawnerTests/initialBoard_hasExactlyTwoTiles(seed:)' passed on 'Clone 1 of iPhone 17 - gamekit (59712)' (0.000 seconds)
Test case 'BoardSpawnerTests/initialBoard_hasExactlyTwoTiles(seed:)' passed on 'Clone 1 of iPhone 17 - gamekit (59712)' (0.000 seconds)
Test case 'BoardSpawnerTests/spawn_intoEmptyBoard_addsOneTile(seed:)' passed on 'Clone 1 of iPhone 17 - gamekit (59712)' (0.000 seconds)
Test case 'BoardSpawnerTests/spawn_intoEmptyBoard_addsOneTile(seed:)' passed on 'Clone 1 of iPhone 17 - gamekit (59712)' (0.000 seconds)
Test case 'BoardSpawnerTests/spawn_intoEmptyBoard_addsOneTile(seed:)' passed on 'Clone 1 of iPhone 17 - gamekit (59712)' (0.000 seconds)
Test case 'BoardSpawnerTests/initialBoard_hasExactlyTwoTiles(seed:)' passed on 'Clone 1 of iPhone 17 - gamekit (59712)' (0.000 seconds)
Test case 'BoardSpawnerTests/initialBoard_hasExactlyTwoTiles(seed:)' passed on 'Clone 1 of iPhone 17 - gamekit (59712)' (0.000 seconds)
Test case 'BoardSpawnerTests/initialBoard_hasExactlyTwoTiles(seed:)' passed on 'Clone 1 of iPhone 17 - gamekit (59712)' (0.000 seconds)
Test case 'BoardSpawnerTests/spawn_intoEmptyBoard_addsOneTile(seed:)' passed on 'Clone 1 of iPhone 17 - gamekit (59712)' (0.000 seconds)
Test case 'BoardSpawnerTests/spawn_intoEmptyBoard_addsOneTile(seed:)' passed on 'Clone 1 of iPhone 17 - gamekit (59712)' (0.000 seconds)
Test case 'BoardSpawnerTests/spawn_intoEmptyBoard_addsOneTile(seed:)' passed on 'Clone 1 of iPhone 17 - gamekit (59712)' (0.000 seconds)
Test case 'BoardSpawnerTests/initialBoard_hasExactlyTwoTiles(seed:)' passed on 'Clone 1 of iPhone 17 - gamekit (59712)' (0.000 seconds)
Test case 'BoardSpawnerTests/spawn_intoEmptyBoard_addsOneTile(seed:)' passed on 'Clone 1 of iPhone 17 - gamekit (59712)' (0.000 seconds)
Test case 'BoardSpawnerTests/spawn_intoEmptyBoard_addsOneTile(seed:)' passed on 'Clone 1 of iPhone 17 - gamekit (59712)' (0.000 seconds)
Test case 'BoardSpawnerTests/initialBoard_hasExactlyTwoTiles(seed:)' passed on 'Clone 1 of iPhone 17 - gamekit (59712)' (0.000 seconds)
Test case 'BoardSpawnerTests/initialBoard_hasExactlyTwoTiles(seed:)' passed on 'Clone 1 of iPhone 17 - gamekit (59712)' (0.000 seconds)
Test case 'BoardSpawnerTests/initialBoard_hasExactlyTwoTiles(seed:)' passed on 'Clone 1 of iPhone 17 - gamekit (59712)' (0.000 seconds)
Test case 'BoardSpawnerTests/initialBoard_hasExactlyTwoTiles(seed:)' passed on 'Clone 1 of iPhone 17 - gamekit (59712)' (0.000 seconds)
Test case 'BoardSpawnerTests/initialBoard_hasExactlyTwoTiles(seed:)' passed on 'Clone 1 of iPhone 17 - gamekit (59712)' (0.000 seconds)
Test case 'BoardSpawnerTests/initialBoard_hasExactlyTwoTiles(seed:)' passed on 'Clone 1 of iPhone 17 - gamekit (59712)' (0.000 seconds)
Test case 'BoardSpawnerTests/initialBoard_hasExactlyTwoTiles(seed:)' passed on 'Clone 1 of iPhone 17 - gamekit (59712)' (0.000 seconds)
Test case 'BoardSpawnerTests/initialBoard_hasExactlyTwoTiles(seed:)' passed on 'Clone 1 of iPhone 17 - gamekit (59712)' (0.000 seconds)
Test case 'BoardSpawnerTests/initialBoard_hasExactlyTwoTiles(seed:)' passed on 'Clone 1 of iPhone 17 - gamekit (59712)' (0.000 seconds)
Test case 'BoardSpawnerTests/initialBoard_hasExactlyTwoTiles(seed:)' passed on 'Clone 1 of iPhone 17 - gamekit (59712)' (0.000 seconds)
Test case 'BoardSpawnerTests/initialBoard_hasExactlyTwoTiles(seed:)' passed on 'Clone 1 of iPhone 17 - gamekit (59712)' (0.000 seconds)
Test case 'BoardSpawnerTests/initialBoard_hasExactlyTwoTiles(seed:)' passed on 'Clone 1 of iPhone 17 - gamekit (59712)' (0.000 seconds)
Test case 'BoardSpawnerTests/initialBoard_hasExactlyTwoTiles(seed:)' passed on 'Clone 1 of iPhone 17 - gamekit (59712)' (0.000 seconds)
Test case 'BoardSpawnerTests/initialBoard_hasExactlyTwoTiles(seed:)' passed on 'Clone 1 of iPhone 17 - gamekit (59712)' (0.000 seconds)
Test case 'BoardSpawnerTests/initialBoard_hasExactlyTwoTiles(seed:)' passed on 'Clone 1 of iPhone 17 - gamekit (59712)' (0.000 seconds)
Test case 'BoardSpawnerTests/initialBoard_hasExactlyTwoTiles(seed:)' passed on 'Clone 1 of iPhone 17 - gamekit (59712)' (0.000 seconds)
Test case 'BoardSpawnerTests/initialBoard_hasExactlyTwoTiles(seed:)' passed on 'Clone 1 of iPhone 17 - gamekit (59712)' (0.000 seconds)
Test case 'StableHashTests/goldenValues()' passed on 'Clone 1 of iPhone 17 - gamekit (59712)' (0.000 seconds)
Test case 'StableHashTests/adjacentDatesDiffer()' passed on 'Clone 1 of iPhone 17 - gamekit (59712)' (0.000 seconds)
Test case 'StableHashTests/deterministic()' passed on 'Clone 1 of iPhone 17 - gamekit (59712)' (0.000 seconds)
Test case 'StableHashTests/indexInRange()' passed on 'Clone 1 of iPhone 17 - gamekit (59712)' (0.000 seconds)
Test case 'SnakeEngineTests/selfCollision()' passed on 'Clone 1 of iPhone 17 - gamekit (59712)' (0.000 seconds)
Test case 'SnakeEngineTests/wallCollision()' passed on 'Clone 1 of iPhone 17 - gamekit (59712)' (0.000 seconds)
Test case 'SnakeEngineTests/postGameOverNoOp()' passed on 'Clone 1 of iPhone 17 - gamekit (59712)' (0.000 seconds)
Test case 'SnakeEngineTests/toroidalWrap()' passed on 'Clone 1 of iPhone 17 - gamekit (59712)' (0.000 seconds)
Test case 'SnakeEngineTests/proMotionEquivalence()' passed on 'Clone 1 of iPhone 17 - gamekit (59712)' (0.000 seconds)
Test case 'StableHashTests/distribution()' passed on 'Clone 1 of iPhone 17 - gamekit (59712)' (0.000 seconds)
Test case 'SnakeEngineTests/seedDeterminism()' passed on 'Clone 1 of iPhone 17 - gamekit (59712)' (0.000 seconds)
Test case 'ArcadeLoopDriverTests/onTickGating()' passed on 'Clone 1 of iPhone 17 - gamekit (59712)' (0.000 seconds)
Test case 'ArcadeLoopDriverTests/spiralOfDeathClamp()' passed on 'Clone 1 of iPhone 17 - gamekit (59712)' (0.000 seconds)
Test case 'FiveLetterViewModelTests/isAllowedFiveLetterGuessRequiresRealWord()' passed on 'Clone 1 of iPhone 17 - gamekit (59712)' (0.000 seconds)
Test case 'BoardGeneratorTests/determinismSameSeedSameBoard()' passed on 'Clone 1 of iPhone 17 - gamekit (59712)' (0.000 seconds)
Test case 'BoardGeneratorTests/hardBoardGenerationUnder50ms()' passed on 'Clone 1 of iPhone 17 - gamekit (59712)' (0.000 seconds)
Test case 'FiveLetterDailyAnswerTests/derivedFromDate()' passed on 'Clone 1 of iPhone 17 - gamekit (59712)' (0.000 seconds)
Test case 'FiveLetterDailyAnswerTests/unlimitedVaries()' passed on 'Clone 1 of iPhone 17 - gamekit (59712)' (0.000 seconds)
Test case 'FiveLetterDailyAnswerTests/stableWithinDate()' passed on 'Clone 1 of iPhone 17 - gamekit (59712)' (0.000 seconds)
Test case 'FiveLetterDailyAnswerTests/consecutiveDaysDiffer()' passed on 'Clone 1 of iPhone 17 - gamekit (59712)' (0.000 seconds)
Test case 'WinDetectorTests/mineHit_isLost()' passed on 'Clone 1 of iPhone 17 - gamekit (59712)' (0.000 seconds)
Test case 'WinDetectorTests/revealedAllNonMineCells_isWon()' passed on 'Clone 1 of iPhone 17 - gamekit (59712)' (0.000 seconds)
Test case 'RevealEngineTests/revealAlreadyRevealedCell_isIdempotent()' passed on 'Clone 1 of iPhone 17 - gamekit (59712)' (0.000 seconds)
Test case 'FiveLetterDailyAnswerTests/stableAcrossTimeOfDay()' passed on 'Clone 1 of iPhone 17 - gamekit (59712)' (0.000 seconds)
Test case 'FiveLetterDailyAnswerTests/answerIsValid()' passed on 'Clone 1 of iPhone 17 - gamekit (59712)' (0.000 seconds)
Test case 'WinDetectorTests/flaggedNonMineCellsBlockWin()' passed on 'Clone 1 of iPhone 17 - gamekit (59712)' (0.000 seconds)
Test case 'RevealEngineTests/revealEmptyCell_cascades()' passed on 'Clone 1 of iPhone 17 - gamekit (59712)' (0.000 seconds)
Test case 'WinDetectorTests/revealed303NonMineCells_isOngoing()' passed on 'Clone 1 of iPhone 17 - gamekit (59712)' (0.000 seconds)
Test case 'StackEngineTests/rampSpeedPlateau()' passed on 'Clone 1 of iPhone 17 - gamekit (59712)' (0.000 seconds)
Test case 'RevealEngineTests/revealHiddenNumberedCell_revealsOnly()' passed on 'Clone 1 of iPhone 17 - gamekit (59712)' (0.000 seconds)
Test case 'RevealEngineTests/revealFlaggedCell_isNoOp()' passed on 'Clone 1 of iPhone 17 - gamekit (59712)' (0.000 seconds)
Test case 'StackEngineTests/axisAlternationAndPerAxisTrim()' passed on 'Clone 1 of iPhone 17 - gamekit (59712)' (0.000 seconds)
Test case 'StackEngineTests/completeMissGameOver()' passed on 'Clone 1 of iPhone 17 - gamekit (59712)' (0.000 seconds)
Test case 'RevealEngineTests/revealMine_setsMineHit()' passed on 'Clone 1 of iPhone 17 - gamekit (59712)' (0.000 seconds)
Test case 'WinDetectorTests/freshBoard_isOngoing()' passed on 'Clone 1 of iPhone 17 - gamekit (59712)' (0.000 seconds)
Test case 'RevealEngineTests/revealedListStartsWithTap()' passed on 'Clone 1 of iPhone 17 - gamekit (59712)' (0.000 seconds)
Test case 'StackEngineTests/proMotionEquivalence()' passed on 'Clone 1 of iPhone 17 - gamekit (59712)' (0.000 seconds)
Test case 'MergeEngineTests/slideLeft_compressionWithoutMerge()' passed on 'Clone 1 of iPhone 17 - gamekit (59712)' (0.000 seconds)
Test case 'StackEngineTests/streakRecoveryAndReset()' passed on 'Clone 1 of iPhone 17 - gamekit (59712)' (0.000 seconds)
Test case 'MergeEngineTests/hasAnyLegalMove_emptyBoardOnly()' passed on 'Clone 1 of iPhone 17 - gamekit (59712)' (0.000 seconds)
Test case 'MergeEngineTests/hasAnyLegalMove_fullBoardWithAdjacentPair_isTrue()' passed on 'Clone 1 of iPhone 17 - gamekit (59712)' (0.000 seconds)
Test case 'MergeEngineTests/slideRight_pairMerge()' passed on 'Clone 1 of iPhone 17 - gamekit (59712)' (0.000 seconds)
Test case 'MergeEngineTests/slideUp_pairMerge()' passed on 'Clone 1 of iPhone 17 - gamekit (59712)' (0.000 seconds)
Test case 'MergeEngineTests/slide_emptyBoard_isNoOp()' passed on 'Clone 1 of iPhone 17 - gamekit (59712)' (0.000 seconds)
Test case 'MergeEngineTests/slide_alreadyCompressedRow_isNoOp()' passed on 'Clone 1 of iPhone 17 - gamekit (59712)' (0.000 seconds)
Test case 'MergeEngineTests/slideLeft_alreadyMergedTileDoesNotRemerge()' passed on 'Clone 1 of iPhone 17 - gamekit (59712)' (0.000 seconds)
Test case 'MergeEngineTests/slideLeft_pairMerges_scoreDeltaIsSumOfMerged()' passed on 'Clone 1 of iPhone 17 - gamekit (59712)' (0.000 seconds)
Test case 'MergeEngineTests/slideLeft_survivingTileKeepsId()' passed on 'Clone 1 of iPhone 17 - gamekit (59712)' (0.000 seconds)
Test case 'BoardSpawnerTests/determinism_sameSeedSameBoard()' passed on 'Clone 1 of iPhone 17 - gamekit (59712)' (0.000 seconds)
Test case 'MergeEngineTests/hasAnyLegalMove_lockedBoard_isFalse()' passed on 'Clone 1 of iPhone 17 - gamekit (59712)' (0.000 seconds)
Test case 'FiveLetterAssistTests/oneAnswerFallsBack()' passed on 'Clone 1 of iPhone 17 - gamekit (59712)' (0.000 seconds)
Test case 'FiveLetterAssistTests/probeDoesNotRevealAnswer()' passed on 'Clone 1 of iPhone 17 - gamekit (59712)' (0.000 seconds)
Test case 'MergeEngineTests/slideDown_pairMerge()' passed on 'Clone 1 of iPhone 17 - gamekit (59712)' (0.000 seconds)
Test case 'RevealEngineTests/cornerClusteredHardBoard_floodFillTerminates()' passed on 'Clone 1 of iPhone 17 - gamekit (59712)' (0.000 seconds)
Test case 'BoardSpawnerTests/spawn_intoFullBoard_returnsNil()' passed on 'Clone 1 of iPhone 17 - gamekit (59712)' (0.000 seconds)
Test case 'MergeEngineTests/slideLeft_doublePair_noTripleMerge()' passed on 'Clone 1 of iPhone 17 - gamekit (59712)' (0.000 seconds)
Test case 'FiveLetterFeedbackTests/strictRejectsYellowSameSpot()' passed on 'Clone 1 of iPhone 17 - gamekit (59712)' (0.000 seconds)
Test case 'FiveLetterFeedbackTests/strictAllowsLetterWithPositiveDuplicate()' passed on 'Clone 1 of iPhone 17 - gamekit (59712)' (0.000 seconds)
Test case 'FiveLetterFeedbackTests/duplicateLetterSupply()' passed on 'Clone 1 of iPhone 17 - gamekit (59712)' (0.000 seconds)
Test case 'FiveLetterFeedbackTests/strictRejectsAbsentLetters()' passed on 'Clone 1 of iPhone 17 - gamekit (59712)' (0.000 seconds)
Test case 'FiveLetterFeedbackTests/correctBeforePresent()' passed on 'Clone 1 of iPhone 17 - gamekit (59712)' (0.000 seconds)
Test case 'GameOverDetectorTests/fullBoardNoMergeable_isGameOver()' passed on 'Clone 1 of iPhone 17 - gamekit (59712)' (0.000 seconds)
Test case 'GameOverDetectorTests/emptyBoard_notGameOver()' passed on 'Clone 1 of iPhone 17 - gamekit (59712)' (0.000 seconds)
Test case 'GameOverDetectorTests/hasReached2048_falseBelowTarget()' passed on 'Clone 1 of iPhone 17 - gamekit (59712)' (0.000 seconds)
Test case 'GameOverDetectorTests/hasReached2048_trueAboveTarget()' passed on 'Clone 1 of iPhone 17 - gamekit (59712)' (0.000 seconds)
Test case 'GameOverDetectorTests/hasReached2048_trueWhen2048Present()' passed on 'Clone 1 of iPhone 17 - gamekit (59712)' (0.000 seconds)
Test case 'WordGridEngineTests/scoring()' passed on 'Clone 1 of iPhone 17 - gamekit (59712)' (0.000 seconds)
Test case 'GameOverDetectorTests/hasReached2048_falseOnEmptyBoard()' passed on 'Clone 1 of iPhone 17 - gamekit (59712)' (0.000 seconds)
Test case 'FiveLetterViewModelTests/nonWordGuessRejected()' passed on 'Clone 1 of iPhone 17 - gamekit (59712)' (0.000 seconds)
Test case 'WordGridEngineTests/pathValidation()' passed on 'Clone 1 of iPhone 17 - gamekit (59712)' (0.000 seconds)
Test case 'GameOverDetectorTests/fullBoardWithAdjacentPair_notGameOver()' passed on 'Clone 1 of iPhone 17 - gamekit (59712)' (0.000 seconds)
Test case 'FiveLetterViewModelTests/completedDailyCannotRestart()' passed on 'Clone 1 of iPhone 17 - gamekit (59712)' (0.000 seconds)
Test case 'FiveLetterViewModelTests/unlimitedRestartStillStartsOver()' passed on 'Clone 1 of iPhone 17 - gamekit (59712)' (0.000 seconds)
Test case 'FiveLetterViewModelTests/completedDailyRestoresOnLaunch()' passed on 'Clone 1 of iPhone 17 - gamekit (59712)' (0.000 seconds)
Test case 'FiveLetterViewModelTests/dailyRestartDoesNotClearActiveAttempt()' passed on 'Clone 1 of iPhone 17 - gamekit (59712)' (0.000 seconds)
Test case 'GameOverDetectorTests/boardWithEmptyCell_notGameOver()' passed on 'Clone 1 of iPhone 17 - gamekit (59712)' (0.000 seconds)
Test case 'AuthStoreTests/sceneActiveValidation_authorized()' passed on 'Clone 1 of iPhone 17 - gamekit (59712)' (0.000 seconds)
Test case 'AuthStoreTests/sceneActiveValidation_transferred()' passed on 'Clone 1 of iPhone 17 - gamekit (59712)' (0.000 seconds)
Test case 'AuthStoreTests/sceneActiveValidation_revoked()' passed on 'Clone 1 of iPhone 17 - gamekit (59712)' (0.000 seconds)
Test case 'AuthStoreTests/deleteAccount_happyPath()' passed on 'Clone 1 of iPhone 17 - gamekit (59712)' (0.000 seconds)
Test case 'AuthStoreTests/sceneActiveValidation_notFound()' passed on 'Clone 1 of iPhone 17 - gamekit (59712)' (0.000 seconds)
Test case 'AuthStoreTests/deleteAccount_cloudWipeFails_localStillCleared()' passed on 'Clone 1 of iPhone 17 - gamekit (59712)' (0.000 seconds)
Test case 'AuthStoreTests/sceneActiveValidation_noStoredID()' passed on 'Clone 1 of iPhone 17 - gamekit (59712)' (0.000 seconds)
Test case 'BoardSpawnerTests/spawn_distribution_isApproximately90_10()' passed on 'Clone 1 of iPhone 17 - gamekit (59712)' (0.000 seconds)
Test case 'WordGridEngineTests/expandedLocalListAcceptsCommonCrossWords()' passed on 'Clone 1 of iPhone 17 - gamekit (59712)' (1.000 seconds)
Test case 'WordGridEngineTests/generatedBoardsArePlayable()' passed on 'Clone 1 of iPhone 17 - gamekit (59712)' (1.000 seconds)
Test case 'GameStatsTests/equalSecondsIsNoop()' passed on 'Clone 1 of iPhone 17 - gamekit (59712)' (3.000 seconds)
Test case 'SolitaireDeadEndTests/klondikeUndoCancelsTheLoss()' passed on 'Clone 1 of iPhone 17 - gamekit (59712)' (3.000 seconds)
Test case 'SolitaireDeadEndTests/klondikeReviveThenAbandonRecordsOnce()' passed on 'Clone 1 of iPhone 17 - gamekit (59712)' (3.000 seconds)
Test case 'SolitaireDeadEndTests/klondikeRestartFlushesOneLoss()' passed on 'Clone 1 of iPhone 17 - gamekit (59712)' (3.000 seconds)
Test case 'AppStartupReconfigureTests/sameModeIsANoOp()' passed on 'Clone 1 of iPhone 17 - gamekit (59712)' (3.000 seconds)
Test case 'AppStartupReconfigureTests/coldStartStampsToken()' passed on 'Clone 1 of iPhone 17 - gamekit (59712)' (3.000 seconds)
Test case 'HapticsTests/lossAhap_parsesAsValidCHHapticPattern()' passed on 'Clone 1 of iPhone 17 - gamekit (59712)' (5.000 seconds)
Test case 'HapticsTests/playAHAP_missingFile_doesNotCrash()' passed on 'Clone 1 of iPhone 17 - gamekit (59712)' (5.000 seconds)
Test case 'HapticsTests/playAHAP_disabled_doesNotInitializeEngine()' passed on 'Clone 1 of iPhone 17 - gamekit (59712)' (5.000 seconds)
Test case 'GameStatsTests/resetAllAtomic()' passed on 'Clone 1 of iPhone 17 - gamekit (59712)' (5.000 seconds)
Test case 'GameStatsTests/recordStackRunWritesStreakWithoutSchemaChange()' passed on 'Clone 1 of iPhone 17 - gamekit (59712)' (5.000 seconds)
Test case 'GameStatsTests/resetAllEmptyIsNoop()' passed on 'Clone 1 of iPhone 17 - gamekit (59712)' (5.000 seconds)
Test case 'HapticsTests/lossAhap_existsInBundle()' passed on 'Clone 1 of iPhone 17 - gamekit (59712)' (5.000 seconds)
Test case 'GameStatsTests/recordWin()' passed on 'Clone 1 of iPhone 17 - gamekit (59712)' (5.000 seconds)
Test case 'HapticsTests/winAhap_parsesAsValidCHHapticPattern()' passed on 'Clone 1 of iPhone 17 - gamekit (59712)' (5.000 seconds)
Test case 'SudokuHintTests/applyPlacesTheDigit()' passed on 'Clone 1 of iPhone 17 - gamekit (59712)' (6.000 seconds)
Test case 'GameStatsTests/bestTimeIsolatedPerDifficulty()' passed on 'Clone 1 of iPhone 17 - gamekit (59712)' (6.000 seconds)
Test case 'GameStatsTests/recordSnakeRunHigherOnly()' passed on 'Clone 1 of iPhone 17 - gamekit (59712)' (6.000 seconds)
Test case 'SudokuHintTests/dismissKeepsBoardHint()' passed on 'Clone 1 of iPhone 17 - gamekit (59712)' (6.000 seconds)
Test case 'SudokuHintTests/unitNames()' passed on 'Clone 1 of iPhone 17 - gamekit (59712)' (6.000 seconds)
Test case 'GameStatsTests/bestTimeIsolatedPerGameKind()' passed on 'Clone 1 of iPhone 17 - gamekit (59712)' (6.000 seconds)
Test case 'SudokuHintTests/mistakeBlocksTheHint()' passed on 'Clone 1 of iPhone 17 - gamekit (59712)' (6.000 seconds)
Test case 'SudokuHintTests/unavailableCopyExists()' passed on 'Clone 1 of iPhone 17 - gamekit (59712)' (6.000 seconds)
Test case 'SudokuHintTests/requestDoesNotMutate()' passed on 'Clone 1 of iPhone 17 - gamekit (59712)' (6.000 seconds)
Test case 'SudokuHintTests/hintedDigitIsCorrect()' passed on 'Clone 1 of iPhone 17 - gamekit (59712)' (6.000 seconds)
Test case 'SudokuHintTests/requestProducesStep()' passed on 'Clone 1 of iPhone 17 - gamekit (59712)' (6.000 seconds)
Test case 'SudokuHintTests/secondAskRevealsWithoutRecharging()' passed on 'Clone 1 of iPhone 17 - gamekit (59712)' (6.000 seconds)
Test case 'HapticsTests/winAhap_existsInBundle()' passed on 'Clone 1 of iPhone 17 - gamekit (59712)' (6.000 seconds)
Test case 'GameStatsTests/bestTimeOnlyOnFaster()' passed on 'Clone 1 of iPhone 17 - gamekit (59712)' (6.000 seconds)
Test case 'GameStatsTests/recordLoss()' passed on 'Clone 1 of iPhone 17 - gamekit (59712)' (6.000 seconds)
Test case 'SudokuHintTests/legacySaveIsUnaided()' passed on 'Clone 1 of iPhone 17 - gamekit (59712)' (6.000 seconds)
Test case 'SudokuHintTests/otherPlacementKeepsHint()' passed on 'Clone 1 of iPhone 17 - gamekit (59712)' (6.000 seconds)
Test case 'SudokuHintTests/firstAskExplainsOnly()' passed on 'Clone 1 of iPhone 17 - gamekit (59712)' (6.000 seconds)
Test case 'SettingsStoreFlagsTests/cloudSyncEnabled_stillRoundTrips_p4Regression()' passed on 'Clone 1 of iPhone 17 - gamekit (59712)' (6.000 seconds)
Test case 'ArcadeRunSummaryTests/stackSeedsBestOnAttach()' passed on 'Clone 1 of iPhone 17 - gamekit (59712)' (6.000 seconds)
Test case 'SettingsStoreFlagsTests/defaults_haveCorrectInitialValues()' passed on 'Clone 1 of iPhone 17 - gamekit (59712)' (6.000 seconds)
Test case 'SettingsStoreFlagsTests/setHasSeenIntro_persistsToUserDefaults()' passed on 'Clone 1 of iPhone 17 - gamekit (59712)' (6.000 seconds)
Test case 'ArcadeRunSummaryTests/snakeSeedsBestOnAttach()' passed on 'Clone 1 of iPhone 17 - gamekit (59712)' (6.000 seconds)
Test case 'SettingsStoreFlagsTests/setSfxEnabled_persistsToUserDefaults()' passed on 'Clone 1 of iPhone 17 - gamekit (59712)' (6.000 seconds)
Test case 'SudokuHintTests/assistCountPersists()' passed on 'Clone 1 of iPhone 17 - gamekit (59712)' (6.000 seconds)
Test case 'ArcadeRunSummaryTests/snakeNotNewBestBelowThreshold()' passed on 'Clone 1 of iPhone 17 - gamekit (59712)' (6.000 seconds)
Test case 'StatsExporterTests/defaultExportFilenameMatchesPattern()' passed on 'Clone 1 of iPhone 17 - gamekit (59712)' (6.000 seconds)
Test case 'ArcadeRunSummaryTests/stackNotNewBestBelowThreshold()' passed on 'Clone 1 of iPhone 17 - gamekit (59712)' (6.000 seconds)
Test case 'MinesweeperPhaseTransitionTests/firstReveal_setsPhaseToRevealing_withEngineOrderedCells()' passed on 'Clone 1 of iPhone 17 - gamekit (59712)' (6.000 seconds)
Test case 'ArcadeRunSummaryTests/snakeAttachIsOneShot()' passed on 'Clone 1 of iPhone 17 - gamekit (59712)' (6.000 seconds)
Test case 'SettingsStoreFlagsTests/setHapticsEnabled_persistsToUserDefaults()' passed on 'Clone 1 of iPhone 17 - gamekit (59712)' (6.000 seconds)
Test case 'ArcadeRunSummaryTests/snakeFirstRunNoFalseBest()' passed on 'Clone 1 of iPhone 17 - gamekit (59712)' (6.000 seconds)
Test case 'StatsExporterTests/envelopeKeysMatchSwiftProperties()' passed on 'Clone 1 of iPhone 17 - gamekit (59712)' (6.000 seconds)
Test case 'ArcadeRunSummaryTests/snakeRestartRereadsBest()' passed on 'Clone 1 of iPhone 17 - gamekit (59712)' (6.000 seconds)
Test case 'StatsExporterTests/encoderDeterministic()' passed on 'Clone 1 of iPhone 17 - gamekit (59712)' (6.000 seconds)
Test case 'MinesweeperPhaseTransitionTests/toggleFlag_onRevealedCell_doesNotBumpCounter()' passed on 'Clone 1 of iPhone 17 - gamekit (59712)' (6.000 seconds)
Test case 'SettingsStoreFlagsTests/unsetHapticsEnabledKey_returnsTrueByDefault()' passed on 'Clone 1 of iPhone 17 - gamekit (59712)' (6.000 seconds)
Test case 'StatsExporterTests/replaceOnImport()' passed on 'Clone 1 of iPhone 17 - gamekit (59712)' (6.000 seconds)
Test case 'MinesweeperPhaseTransitionTests/revealCount_incrementsOnSuccessfulReveal_notOnIdempotent()' passed on 'Clone 1 of iPhone 17 - gamekit (59712)' (6.000 seconds)
Test case 'ArcadeRunSummaryTests/stackRestartRereadsBest()' passed on 'Clone 1 of iPhone 17 - gamekit (59712)' (6.000 seconds)
Test case 'MinesweeperPhaseTransitionTests/restart_resetsPhaseToIdle_andClearsCounters()' passed on 'Clone 1 of iPhone 17 - gamekit (59712)' (6.000 seconds)
Test case 'StatsExporterTests/schemaVersionMismatchThrows()' passed on 'Clone 1 of iPhone 17 - gamekit (59712)' (6.000 seconds)
Test case 'SolitaireDeadEndTests/freeCellUndoCancelsTheLoss()' passed on 'Clone 1 of iPhone 17 - gamekit (59712)' (6.000 seconds)
Test case 'ArcadeRunSummaryTests/stackFirstRunNoFalseBest()' passed on 'Clone 1 of iPhone 17 - gamekit (59712)' (6.000 seconds)
Test case 'StatsExporterTests/decodeFailedThrows()' passed on 'Clone 1 of iPhone 17 - gamekit (59712)' (6.000 seconds)
Test case 'MinesweeperPhaseTransitionTests/revealLastSafe_setsPhaseToWinSweep()' passed on 'Clone 1 of iPhone 17 - gamekit (59712)' (6.000 seconds)
Test case 'SolitaireDeadEndTests/freeCellReviveThenAbandonRecordsOnce()' passed on 'Clone 1 of iPhone 17 - gamekit (59712)' (6.000 seconds)
Test case 'SudokuHintTests/targetPlacementClearsHint()' passed on 'Clone 1 of iPhone 17 - gamekit (59712)' (6.000 seconds)
Test case 'StatsExporterTests/roundTripFifty()' passed on 'Clone 1 of iPhone 17 - gamekit (59712)' (6.000 seconds)
Test case 'SolitaireDeadEndTests/freeCellResetFlushesOneLoss()' passed on 'Clone 1 of iPhone 17 - gamekit (59712)' (6.000 seconds)
Test case 'MinesweeperPhaseTransitionTests/toggleFlag_setsPhaseToFlagging_andBumpsFlagToggleCount()' passed on 'Clone 1 of iPhone 17 - gamekit (59712)' (6.000 seconds)
Test case 'SolitaireDeadEndTests/klondikeUndoAfterMove()' passed on 'Clone 1 of iPhone 17 - gamekit (59712)' (6.000 seconds)
Test case 'NonogramCrossOffTests/xMarkedColumnWithBigHintNoCrossOff()' passed on 'Clone 1 of iPhone 17 - gamekit (59712)' (6.000 seconds)
Test case 'SolitaireDeadEndTests/freeCellFreshDealHasNoUndo()' passed on 'Clone 1 of iPhone 17 - gamekit (59712)' (6.000 seconds)
Test case 'NonogramCrossOffTests/anchoredRunByEdge()' passed on 'Clone 1 of iPhone 17 - gamekit (59712)' (6.000 seconds)
Test case 'SolitaireDeadEndTests/klondikeFreshDealHasNoUndo()' passed on 'Clone 1 of iPhone 17 - gamekit (59712)' (6.000 seconds)
Test case 'NonogramCrossOffTests/completedLineCrossesAllClues()' passed on 'Clone 1 of iPhone 17 - gamekit (59712)' (6.000 seconds)
Test case 'SolitaireDeadEndTests/klondikeUndoReversesDraw()' passed on 'Clone 1 of iPhone 17 - gamekit (59712)' (6.000 seconds)
Test case 'MinesweeperPhaseTransitionTests/revealMine_setsPhaseToLossShake_withTrippedMineIndex()' passed on 'Clone 1 of iPhone 17 - gamekit (59712)' (6.000 seconds)
Test case 'NonogramCrossOffTests/emptyLineCrossOff()' passed on 'Clone 1 of iPhone 17 - gamekit (59712)' (6.000 seconds)
Test case 'NonogramCrossOffTests/leftWallLocksFirstHint()' passed on 'Clone 1 of iPhone 17 - gamekit (59712)' (6.000 seconds)
Test case 'NonogramCrossOffTests/partialRunDoesNotCrossOff()' passed on 'Clone 1 of iPhone 17 - gamekit (59712)' (6.000 seconds)
Test case 'AssistRecordSemanticsTests/legacyRecordIsUnaided()' passed on 'Clone 1 of iPhone 17 - gamekit (59712)' (6.000 seconds)
Test case 'AssistRecordSemanticsTests/assistedScoreSetsNoBestScore()' passed on 'Clone 1 of iPhone 17 - gamekit (59712)' (6.000 seconds)
Test case 'WordHintTests/repeatedLooksAreOneAssist()' passed on 'Clone 1 of iPhone 17 - gamekit (59712)' (6.000 seconds)
Test case 'NonogramCrossOffTests/ambiguousFillDoesNotCrossOff()' passed on 'Clone 1 of iPhone 17 - gamekit (59712)' (6.000 seconds)
Test case 'NonogramCrossOffTests/repeatedValueAnchoredAtRightEdge()' passed on 'Clone 1 of iPhone 17 - gamekit (59712)' (6.000 seconds)
Test case 'AssistRecordSemanticsTests/assistedLossIsRecorded()' passed on 'Clone 1 of iPhone 17 - gamekit (59712)' (6.000 seconds)
Test case 'WordHintTests/dismissKeepsPathUntilUsed()' passed on 'Clone 1 of iPhone 17 - gamekit (59712)' (6.000 seconds)
Test case 'NonogramCrossOffTests/singleFillThatCouldBelongToLongerRunDoesNotCrossOff()' passed on 'Clone 1 of iPhone 17 - gamekit (59712)' (6.000 seconds)
Test case 'NonogramCrossOffTests/forcedInteriorDuplicateDoesNotRevealItsIndex()' passed on 'Clone 1 of iPhone 17 - gamekit (59712)' (6.000 seconds)
Test case 'AssistRecordSemanticsTests/assistedWinSetsNoBestTime()' passed on 'Clone 1 of iPhone 17 - gamekit (59712)' (6.000 seconds)
Test case 'AssistRecordSemanticsTests/assistedPuzzleIDIsExcluded()' passed on 'Clone 1 of iPhone 17 - gamekit (59712)' (6.000 seconds)
Test case 'NonogramCrossOffTests/rightEdgeLocksLastHint()' passed on 'Clone 1 of iPhone 17 - gamekit (59712)' (6.000 seconds)
Test case 'WordHintTests/hintsDoNotRepeat()' passed on 'Clone 1 of iPhone 17 - gamekit (59712)' (6.000 seconds)
Test case 'SnakeViewModelTests/midIntervalInputSurvives()' passed on 'Clone 1 of iPhone 17 - gamekit (59712)' (6.000 seconds)
Test case 'NonogramCrossOffTests/uniqueInteriorRunCrossesOff()' passed on 'Clone 1 of iPhone 17 - gamekit (59712)' (6.000 seconds)
Test case 'WordHintTests/guessClearsTheCount()' passed on 'Clone 1 of iPhone 17 - gamekit (59712)' (6.000 seconds)
Test case 'AssistRecordSemanticsTests/assistsTogglePersists()' passed on 'Clone 1 of iPhone 17 - gamekit (59712)' (6.000 seconds)
Test case 'NonogramCrossOffTests/emptyLineWithFillNoCrossOff()' passed on 'Clone 1 of iPhone 17 - gamekit (59712)' (6.000 seconds)
Test case 'WordHintTests/pendingHintPersists()' passed on 'Clone 1 of iPhone 17 - gamekit (59712)' (6.000 seconds)
Test case 'WordHintTests/answerSurvivesItsOwnClues()' passed on 'Clone 1 of iPhone 17 - gamekit (59712)' (6.000 seconds)
Test case 'AssistRecordSemanticsTests/unaidedWinSetsBestTime()' passed on 'Clone 1 of iPhone 17 - gamekit (59712)' (6.000 seconds)
Test case 'SnakeViewModelTests/capsQueueAtTwo()' passed on 'Clone 1 of iPhone 17 - gamekit (59712)' (6.000 seconds)
Test case 'WordHintTests/duplicateLettersFilterCorrectly()' passed on 'Clone 1 of iPhone 17 - gamekit (59712)' (6.000 seconds)
Test case 'SnakeViewModelTests/startClearsDirectionQueue()' passed on 'Clone 1 of iPhone 17 - gamekit (59712)' (6.000 seconds)
Test case 'AssistRecordSemanticsTests/zeroAssistsCountsAsUnaided()' passed on 'Clone 1 of iPhone 17 - gamekit (59712)' (6.000 seconds)
Test case 'NonogramCrossOffTests/leftEdgeLocksFirstHint()' passed on 'Clone 1 of iPhone 17 - gamekit (59712)' (6.000 seconds)
Test case 'WordHintTests/wrongGuessIsEliminated()' passed on 'Clone 1 of iPhone 17 - gamekit (59712)' (6.000 seconds)
Test case 'WordHintTests/hintPathSpellsTheWord()' passed on 'Clone 1 of iPhone 17 - gamekit (59712)' (6.000 seconds)
Test case 'SnakeViewModelTests/runningInputEnqueues()' passed on 'Clone 1 of iPhone 17 - gamekit (59712)' (6.000 seconds)
Test case 'AssistRecordSemanticsTests/assistedWinCannotBeatStoredBest()' passed on 'Clone 1 of iPhone 17 - gamekit (59712)' (6.000 seconds)
Test case 'AssistRecordSemanticsTests/assistsDefaultOn()' passed on 'Clone 1 of iPhone 17 - gamekit (59712)' (6.000 seconds)
Test case 'SnakeViewModelTests/oneDirectionPerCellMove()' passed on 'Clone 1 of iPhone 17 - gamekit (59712)' (6.000 seconds)
Test case 'SnakeViewModelTests/rejects180DegreeReversal()' passed on 'Clone 1 of iPhone 17 - gamekit (59712)' (6.000 seconds)
Test case 'NonogramCrossOffTests/markedSeparatorExtendsLeftAnchor()' passed on 'Clone 1 of iPhone 17 - gamekit (59712)' (6.000 seconds)
Test case 'NonogramTalkthroughWiringTests/requestProducesDeductionAndCounts()' passed on 'Clone 1 of iPhone 17 - gamekit (59712)' (6.000 seconds)
Test case 'SnakeViewModelTests/startDoesNotMutateEnqueueCount()' passed on 'Clone 1 of iPhone 17 - gamekit (59712)' (6.000 seconds)
Test case 'WordHintTests/hintWordIsPlayable()' passed on 'Clone 1 of iPhone 17 - gamekit (59712)' (6.000 seconds)
Test case 'WordHintTests/revealedWordScoresZero()' passed on 'Clone 1 of iPhone 17 - gamekit (59712)' (6.000 seconds)
Test case 'NonogramTalkthroughWiringTests/solvedBoardChargesNothing()' passed on 'Clone 1 of iPhone 17 - gamekit (59712)' (6.000 seconds)
Test case 'SnakeViewModelTests/idleInputStartsRun()' passed on 'Clone 1 of iPhone 17 - gamekit (59712)' (6.000 seconds)
Test case 'SnakeViewModelTests/acceptsValidTurn()' passed on 'Clone 1 of iPhone 17 - gamekit (59712)' (6.000 seconds)
Test case 'SnakeViewModelTests/effectiveCurrentUsesQueueTail()' passed on 'Clone 1 of iPhone 17 - gamekit (59712)' (6.000 seconds)
Test case 'WordHintTests/hintPathIsLegal()' passed on 'Clone 1 of iPhone 17 - gamekit (59712)' (6.000 seconds)
Test case 'NonogramTalkthroughWiringTests/bothUnavailableReasonsHaveCopy()' passed on 'Clone 1 of iPhone 17 - gamekit (59712)' (6.000 seconds)
Test case 'NonogramTalkthroughWiringTests/requestDoesNotMutateTheBoard()' passed on 'Clone 1 of iPhone 17 - gamekit (59712)' (6.000 seconds)
Test case 'NonogramTalkthroughWiringTests/dismissKeepsTheBoardActions()' passed on 'Clone 1 of iPhone 17 - gamekit (59712)' (6.000 seconds)
Test case 'NonogramTalkthroughWiringTests/completedActionsConsumeTalkthrough()' passed on 'Clone 1 of iPhone 17 - gamekit (59712)' (6.000 seconds)
Test case 'NonogramSeenTrackingTests/firstMoveMarksSeen()' passed on 'Clone 1 of iPhone 17 - gamekit (59712)' (6.000 seconds)
Test case 'NonogramTalkthroughWiringTests/explanationsAreWritten()' passed on 'Clone 1 of iPhone 17 - gamekit (59712)' (6.000 seconds)
Test case 'NonogramTalkthroughWiringTests/explanationPersistsThroughPartialCompletion()' passed on 'Clone 1 of iPhone 17 - gamekit (59712)' (6.000 seconds)
Test case 'WordHintTests/noGuessesMeansFullPool()' passed on 'Clone 1 of iPhone 17 - gamekit (59712)' (6.000 seconds)
Test case 'NonogramSaveStateTests/mismatchedSavedSizeIsDiscarded()' passed on 'Clone 1 of iPhone 17 - gamekit (59712)' (6.000 seconds)
Test case 'NonogramTalkthroughWiringTests/legacySaveRestoresUnaided()' passed on 'Clone 1 of iPhone 17 - gamekit (59712)' (6.000 seconds)
Test case 'NonogramSeenTrackingTests/attachMergesWonRecords()' passed on 'Clone 1 of iPhone 17 - gamekit (59712)' (6.000 seconds)
Test case 'HintHighlightTests/nonogramLineFlagMatches()' passed on 'Clone 1 of iPhone 17 - gamekit (59712)' (6.000 seconds)
Test case 'NonogramTalkthroughWiringTests/keepSolvingAfterLoss()' passed on 'Clone 1 of iPhone 17 - gamekit (59712)' (6.000 seconds)
Test case 'HintHighlightTests/sudokuNoHintNoHighlight()' passed on 'Clone 1 of iPhone 17 - gamekit (59712)' (6.000 seconds)
Test case 'NonogramTalkthroughWiringTests/assistCountPersists()' passed on 'Clone 1 of iPhone 17 - gamekit (59712)' (6.000 seconds)
Test case 'HintHighlightTests/sudokuRingMatchesStep()' passed on 'Clone 1 of iPhone 17 - gamekit (59712)' (6.000 seconds)
Test case 'NonogramTalkthroughWiringTests/everyTechniqueHasCopy()' passed on 'Clone 1 of iPhone 17 - gamekit (59712)' (6.000 seconds)
Test case 'NonogramSeenTrackingTests/mergedWinRefreshesFrontier()' passed on 'Clone 1 of iPhone 17 - gamekit (59712)' (6.000 seconds)
Test case 'NonogramSeenTrackingTests/restoreMarksSeen()' passed on 'Clone 1 of iPhone 17 - gamekit (59712)' (6.000 seconds)
Test case 'NonogramSaveStateTests/staleTerminalLivesSaveIsDiscarded()' passed on 'Clone 1 of iPhone 17 - gamekit (59712)' (6.000 seconds)
Test case 'AuthStoreTests/revocationWithinGraceWindowIgnored()' passed on 'Clone 1 of iPhone 17 - gamekit (59712)' (6.000 seconds)
Test case 'HintHighlightTests/nonogramCopyNamesTheSquares()' passed on 'Clone 1 of iPhone 17 - gamekit (59712)' (6.000 seconds)
Test case 'WordHintTests/countIsMonotonic()' passed on 'Clone 1 of iPhone 17 - gamekit (59712)' (6.000 seconds)
Test case 'HintHighlightTests/sudokuSupportIncludesTarget()' passed on 'Clone 1 of iPhone 17 - gamekit (59712)' (6.000 seconds)
Test case 'HintHighlightTests/nonogramDismissKeepsHighlight()' passed on 'Clone 1 of iPhone 17 - gamekit (59712)' (6.000 seconds)
Test case 'VideoModeEnvironmentTests/test_environmentKey_returns_injected()' passed on 'Clone 1 of iPhone 17 - gamekit (59712)' (6.000 seconds)
Test case 'HintHighlightTests/sudokuDismissKeepsBoardGuidance()' passed on 'Clone 1 of iPhone 17 - gamekit (59712)' (6.000 seconds)
Test case 'HintHighlightTests/nonogramNoHintNoHighlight()' passed on 'Clone 1 of iPhone 17 - gamekit (59712)' (6.000 seconds)
Test case 'AuthStoreTests/signOut_idempotent()' passed on 'Clone 1 of iPhone 17 - gamekit (59712)' (6.000 seconds)
Test case 'AuthStoreTests/revocationClearsState()' passed on 'Clone 1 of iPhone 17 - gamekit (59712)' (6.000 seconds)
Test case 'AuthStoreTests/signOut_clearsKeychain()' passed on 'Clone 1 of iPhone 17 - gamekit (59712)' (6.000 seconds)
Test case 'HintHighlightTests/nonogramHighlightMatchesDeduction()' passed on 'Clone 1 of iPhone 17 - gamekit (59712)' (6.000 seconds)
Test case 'VideoModeBannerHapticsGateTests/playEntranceHaptic_enabled_doesNotCrash()' passed on 'Clone 1 of iPhone 17 - gamekit (59712)' (6.000 seconds)
Test case 'VideoModeBannerHapticsGateTests/banner_winOutcome_propagatesToContent()' passed on 'Clone 1 of iPhone 17 - gamekit (59712)' (6.000 seconds)
Test case 'HintHighlightTests/sudokuCopyReferencesTheHighlight()' passed on 'Clone 1 of iPhone 17 - gamekit (59712)' (6.000 seconds)
Test case 'SudokuFreeModeFeedbackTests/freshBoardIsClean()' passed on 'Clone 1 of iPhone 17 - gamekit (59712)' (6.000 seconds)
Test case 'AuthStoreTests/keychainRoundTrip()' passed on 'Clone 1 of iPhone 17 - gamekit (59712)' (6.000 seconds)
Test case 'AuthStoreTests/revocationAfterGraceWindowClears()' passed on 'Clone 1 of iPhone 17 - gamekit (59712)' (6.000 seconds)
Test case 'SudokuFreeModeFeedbackTests/correctDigitIsNotFlagged()' passed on 'Clone 1 of iPhone 17 - gamekit (59712)' (6.000 seconds)
Test case 'SudokuFreeModeFeedbackTests/keepSolvingAfterLoss()' passed on 'Clone 1 of iPhone 17 - gamekit (59712)' (6.000 seconds)
Test case 'VideoModeBannerHapticsGateTests/banner_lossOutcome_propagatesToContent()' passed on 'Clone 1 of iPhone 17 - gamekit (59712)' (6.000 seconds)
Test case 'SudokuFreeModeFeedbackTests/livesModeStaysEmpty()' passed on 'Clone 1 of iPhone 17 - gamekit (59712)' (6.000 seconds)
Test case 'SudokuFreeModeFeedbackTests/givensAreNeverFlagged()' passed on 'Clone 1 of iPhone 17 - gamekit (59712)' (6.000 seconds)
Test case 'SudokuFreeModeFeedbackTests/erasingClearsTheFlag()' passed on 'Clone 1 of iPhone 17 - gamekit (59712)' (6.000 seconds)
Test case 'VideoModeBannerHapticsGateTests/playEntranceHaptic_disabled_doesNotCrash()' passed on 'Clone 1 of iPhone 17 - gamekit (59712)' (6.000 seconds)
Test case 'NonogramTalkthroughTests/followingItSolves()' passed on 'Clone 1 of iPhone 17 - gamekit (59712)' (6.000 seconds)
Test case 'SudokuFreeModeFeedbackTests/correctingClearsTheFlag()' passed on 'Clone 1 of iPhone 17 - gamekit (59712)' (6.000 seconds)
Test case 'NonogramTalkthroughTests/rankingIsStable()' passed on 'Clone 1 of iPhone 17 - gamekit (59712)' (6.000 seconds)
Test case 'NonogramContradictionTests/overfilledRowIsIsolated()' passed on 'Clone 1 of iPhone 17 - gamekit (59712)' (6.000 seconds)
Test case 'AppStartupReconfigureTests/retryKeepsCurrentMode()' passed on 'Clone 1 of iPhone 17 - gamekit (59712)' (6.000 seconds)
Test case 'NonogramContradictionTests/gapIsOnlyContradictoryOnceMarked()' passed on 'Clone 1 of iPhone 17 - gamekit (59712)' (6.000 seconds)
Test case 'NonogramTalkthroughTests/untouchedBoardHasADeduction()' passed on 'Clone 1 of iPhone 17 - gamekit (59712)' (6.000 seconds)
Test case 'AppStartupFeedbackStateTests/delayedStartupCompletionClearsProgress()' passed on 'Clone 1 of iPhone 17 - gamekit (59712)' (6.000 seconds)
Test case 'AppStartupFeedbackStateTests/delayedStartupShowsProgress()' passed on 'Clone 1 of iPhone 17 - gamekit (59712)' (6.000 seconds)
Test case 'NonogramTalkthroughTests/fullLineIsNamed()' passed on 'Clone 1 of iPhone 17 - gamekit (59712)' (6.000 seconds)
Test case 'NonogramTalkthroughTests/overlapIsReported()' passed on 'Clone 1 of iPhone 17 - gamekit (59712)' (6.000 seconds)
Test case 'NonogramContradictionTests/zeroClueRejectsFill()' passed on 'Clone 1 of iPhone 17 - gamekit (59712)' (6.000 seconds)
Test case 'VideoModeStoreTests/test_location_persists_all_cases()' passed on 'Clone 1 of iPhone 17 - gamekit (59712)' (6.000 seconds)
Test case 'NonogramContradictionTests/emptyLineIsSatisfiable()' passed on 'Clone 1 of iPhone 17 - gamekit (59712)' (6.000 seconds)
Test case 'NonogramContradictionTests/marksCanMakeUnsatisfiable()' passed on 'Clone 1 of iPhone 17 - gamekit (59712)' (6.000 seconds)
Test case 'NonogramTalkthroughTests/contradictionYieldsNothing()' passed on 'Clone 1 of iPhone 17 - gamekit (59712)' (6.000 seconds)
Test case 'VideoModeStoreTests/test_isEnabled_defaults_to_false()' passed on 'Clone 1 of iPhone 17 - gamekit (59712)' (6.000 seconds)
Test case 'VideoModeStoreTests/test_location_enum_has_6_cases()' passed on 'Clone 1 of iPhone 17 - gamekit (59712)' (6.000 seconds)
Test case 'SudokuFreeModeFeedbackTests/wrongDigitIsFlagged()' passed on 'Clone 1 of iPhone 17 - gamekit (59712)' (6.000 seconds)
Test case 'AppStartupFeedbackStateTests/fastStartupDoesNotFlashProgress()' passed on 'Clone 1 of iPhone 17 - gamekit (59712)' (6.000 seconds)
Test case 'NonogramContradictionTests/overlongRunIsUnsatisfiable()' passed on 'Clone 1 of iPhone 17 - gamekit (59712)' (6.000 seconds)
Test case 'NonogramContradictionTests/cleanBoardIsClean()' passed on 'Clone 1 of iPhone 17 - gamekit (59712)' (6.000 seconds)
Test case 'NonogramTalkthroughTests/solvedBoardHasNoDeduction()' passed on 'Clone 1 of iPhone 17 - gamekit (59712)' (6.000 seconds)
Test case 'VideoModeStoreTests/test_isEnabled_persists()' passed on 'Clone 1 of iPhone 17 - gamekit (59712)' (6.000 seconds)
Test case 'NonogramTalkthroughTests/zeroClueIsNamed()' passed on 'Clone 1 of iPhone 17 - gamekit (59712)' (6.000 seconds)
Test case 'NonogramContradictionTests/solvedLineIsSatisfiable()' passed on 'Clone 1 of iPhone 17 - gamekit (59712)' (6.000 seconds)
Test case 'VideoModeStoreTests/test_corruptLocation_fallsBackToLargeBottom()' passed on 'Clone 1 of iPhone 17 - gamekit (59712)' (6.000 seconds)
Test case 'NonogramTalkthroughTests/claimsMatchTheSolution()' passed on 'Clone 1 of iPhone 17 - gamekit (59712)' (6.000 seconds)
Test case 'SnakeGameViewTests/snakeScoreChipDeclared()' passed on 'Clone 1 of iPhone 17 - gamekit (59712)' (6.000 seconds)
Test case 'NonogramContradictionTests/correctPartialIsSatisfiable()' passed on 'Clone 1 of iPhone 17 - gamekit (59712)' (6.000 seconds)
Test case 'NonogramPickerTests/exhaustedPoolWithoutCacheReturnsNil()' passed on 'Clone 1 of iPhone 17 - gamekit (59712)' (6.000 seconds)
Test case 'NonogramContradictionTests/agreesWithCompletedLines()' passed on 'Clone 1 of iPhone 17 - gamekit (59712)' (6.000 seconds)
Test case 'VideoModeStoreTests/test_location_default_is_largeBottom()' passed on 'Clone 1 of iPhone 17 - gamekit (59712)' (6.000 seconds)
Test case 'SnakeGameViewTests/snakeDPadDeclared()' passed on 'Clone 1 of iPhone 17 - gamekit (59712)' (6.000 seconds)
Test case 'NonogramPickerTests/markSeenKeepsUnrelatedCache()' passed on 'Clone 1 of iPhone 17 - gamekit (59712)' (6.000 seconds)
Test case 'NonogramPickerTests/resetSeenClearsEverything()' passed on 'Clone 1 of iPhone 17 - gamekit (59712)' (6.000 seconds)
Test case 'NonogramPickerTests/markSeenConsumesCache()' passed on 'Clone 1 of iPhone 17 - gamekit (59712)' (6.000 seconds)
Test case 'NonogramPickerTests/mergeSeenUnions()' passed on 'Clone 1 of iPhone 17 - gamekit (59712)' (6.000 seconds)
Test case 'NonogramPickerTests/exhaustedPoolServesCache()' passed on 'Clone 1 of iPhone 17 - gamekit (59712)' (6.000 seconds)
Test case 'SnakeGameViewTests/snakeGameViewDeclared()' passed on 'Clone 1 of iPhone 17 - gamekit (59712)' (6.000 seconds)
Test case 'SolitaireUndoPersistenceTests/freeCellRestoredUndoPops()' passed on 'Clone 1 of iPhone 17 - gamekit (59712)' (6.000 seconds)
Test case 'SolitaireUndoPersistenceTests/klondikeRestoredUndoPops()' passed on 'Clone 1 of iPhone 17 - gamekit (59712)' (6.000 seconds)
Test case 'NonogramPickerTests/cacheRejectsWrongSize()' passed on 'Clone 1 of iPhone 17 - gamekit (59712)' (6.000 seconds)
Test case 'SolitaireUndoPersistenceTests/freeCellLegacySaveRestores()' passed on 'Clone 1 of iPhone 17 - gamekit (59712)' (6.000 seconds)
Test case 'NonogramPickerTests/nextInstantIsSideEffectFree()' passed on 'Clone 1 of iPhone 17 - gamekit (59712)' (6.000 seconds)
Test case 'SolitaireUndoPersistenceTests/klondikeHistoryRoundTrips()' passed on 'Clone 1 of iPhone 17 - gamekit (59712)' (6.000 seconds)
Test case 'SolitaireUndoPersistenceTests/klondikeRestoreEnablesUndo()' passed on 'Clone 1 of iPhone 17 - gamekit (59712)' (6.000 seconds)
Test case 'GameKitAppTests/test_videoModeStore_injected_at_app_root()' passed on 'Clone 1 of iPhone 17 - gamekit (59712)' (6.000 seconds)
Test case 'SolitaireUndoPersistenceTests/freeCellRestoreEnablesUndo()' passed on 'Clone 1 of iPhone 17 - gamekit (59712)' (6.000 seconds)
Test case 'SolitaireUndoPersistenceTests/klondikeLegacyJSONDecodes()' passed on 'Clone 1 of iPhone 17 - gamekit (59712)' (6.000 seconds)
Test case 'FreeCellHintTests/applyingHintClearsMove()' passed on 'Clone 1 of iPhone 17 - gamekit (59712)' (6.000 seconds)
Test case 'FreeCellHintTests/dismissKeepsMove()' passed on 'Clone 1 of iPhone 17 - gamekit (59712)' (6.000 seconds)
Test case 'SolitaireUndoPersistenceTests/freeCellMoveRoundTrips()' passed on 'Clone 1 of iPhone 17 - gamekit (59712)' (6.000 seconds)
Test case 'SolitaireUndoPersistenceTests/klondikeLegacySaveRestores()' passed on 'Clone 1 of iPhone 17 - gamekit (59712)' (6.000 seconds)
Test case 'NonogramGeneratorTests/v2LargeGenerationIsLineSolvable(seed:)' passed on 'Clone 1 of iPhone 17 - gamekit (59712)' (6.000 seconds)
Test case 'FreeCellHintTests/copyCoversEveryReason()' passed on 'Clone 1 of iPhone 17 - gamekit (59712)' (6.000 seconds)
Test case 'SolitaireUndoPersistenceTests/freeCellPersistedStackIsBounded()' passed on 'Clone 1 of iPhone 17 - gamekit (59712)' (6.000 seconds)
Test case 'NonogramGeneratorTests/v2LargeGenerationIsLineSolvable(seed:)' passed on 'Clone 1 of iPhone 17 - gamekit (59712)' (6.000 seconds)
Test case 'MinesweeperHintWiringTests/dismissKeepsBoardTarget()' passed on 'Clone 1 of iPhone 17 - gamekit (59712)' (6.000 seconds)
Test case 'NonogramGeneratorTests/v2LargeGenerationIsLineSolvable(seed:)' passed on 'Clone 1 of iPhone 17 - gamekit (59712)' (6.000 seconds)
Test case 'SolitaireUndoPersistenceTests/klondikePersistedStackIsBounded()' passed on 'Clone 1 of iPhone 17 - gamekit (59712)' (6.000 seconds)
Test case 'FreeCellHintTests/parkingIsLastResort()' passed on 'Clone 1 of iPhone 17 - gamekit (59712)' (6.000 seconds)
Test case 'MinesweeperHintWiringTests/restartClearsAssists()' passed on 'Clone 1 of iPhone 17 - gamekit (59712)' (6.000 seconds)
Test case 'FreeCellHintTests/resetClearsAssists()' passed on 'Clone 1 of iPhone 17 - gamekit (59712)' (6.000 seconds)
Test case 'FreeCellHintTests/foundationSuggestionsAreSafe()' passed on 'Clone 1 of iPhone 17 - gamekit (59712)' (6.000 seconds)
Test case 'FreeCellHintTests/suggestionIsLegal()' passed on 'Clone 1 of iPhone 17 - gamekit (59712)' (6.000 seconds)
Test case 'FreeCellHintTests/requestCounts()' passed on 'Clone 1 of iPhone 17 - gamekit (59712)' (6.000 seconds)
Test case 'FreeCellHintTests/freshDealHasAMove()' passed on 'Clone 1 of iPhone 17 - gamekit (59712)' (6.000 seconds)
Test case 'MinesweeperHintWiringTests/onlyChargesWhenItHelps()' passed on 'Clone 1 of iPhone 17 - gamekit (59712)' (6.000 seconds)
Test case 'FreeCellHintTests/requestDoesNotMutate()' passed on 'Clone 1 of iPhone 17 - gamekit (59712)' (6.000 seconds)
Test case 'VideoModeBannerAnchorTests/test_smallBottomLeft_topEdge_trailingAlignment()' passed on 'Clone 1 of iPhone 17 - gamekit (59712)' (6.000 seconds)
Test case 'VideoModeBannerAnchorTests/test_all_cases_have_mappings()' passed on 'Clone 1 of iPhone 17 - gamekit (59712)' (6.000 seconds)
Test case 'MinesweeperBoardLayoutTests/cellSize_easy_9col_390pt()' passed on 'Clone 1 of iPhone 17 - gamekit (59712)' (6.000 seconds)
Test case 'VideoModeBannerAnchorTests/test_smallBottomRight_topEdge_leadingAlignment()' passed on 'Clone 1 of iPhone 17 - gamekit (59712)' (6.000 seconds)
Test case 'VideoModeBannerAnchorTests/test_smallTopLeft_bottomEdge_trailingAlignment()' passed on 'Clone 1 of iPhone 17 - gamekit (59712)' (6.000 seconds)
Test case 'VideoModeBannerAnchorTests/test_largeTop_bottomEdge_fullWidthAlignment()' passed on 'Clone 1 of iPhone 17 - gamekit (59712)' (6.000 seconds)
Test case 'MinesweeperHintWiringTests/spendingTheGuessIsSafe()' passed on 'Clone 1 of iPhone 17 - gamekit (59712)' (6.000 seconds)
Test case 'VideoLocationPickerViewTests/test_zone_a11y_labels()' passed on 'Clone 1 of iPhone 17 - gamekit (59712)' (6.000 seconds)
Test case 'MergeBestScoreTests/bestSurvivesRestart()' passed on 'Clone 1 of iPhone 17 - gamekit (59712)' (6.000 seconds)
Test case 'MinesweeperBoardLayoutTests/cellSize_medium_16col_390pt()' passed on 'Clone 1 of iPhone 17 - gamekit (59712)' (6.000 seconds)
Test case 'ModelContainerSmokeTests/constructsWithoutCloudKit()' passed on 'Clone 1 of iPhone 17 - gamekit (59712)' (6.000 seconds)
Test case 'MinesweeperHintWiringTests/requestDoesNotReveal()' passed on 'Clone 1 of iPhone 17 - gamekit (59712)' (6.000 seconds)
Test case 'ModelContainerSmokeTests/constructsWithCloudKitCompat()' passed on 'Clone 1 of iPhone 17 - gamekit (59712)' (6.000 seconds)
Test case 'VideoLocationPickerViewTests/test_size_flip_preserves_vertical_half()' passed on 'Clone 1 of iPhone 17 - gamekit (59712)' (6.000 seconds)
Test case 'ModelContainerSmokeTests/schemaIsLocked()' passed on 'Clone 1 of iPhone 17 - gamekit (59712)' (6.000 seconds)
Test case 'VideoModeBannerAnchorTests/test_smallTopRight_bottomEdge_leadingAlignment()' passed on 'Clone 1 of iPhone 17 - gamekit (59712)' (6.000 seconds)
Test case 'MinesweeperBoardLayoutTests/cellSize_hard_320pt_iphoneSE_clamped()' passed on 'Clone 1 of iPhone 17 - gamekit (59712)' (6.000 seconds)
Test case 'MergeBestScoreTests/liveRunNeverRegresses()' passed on 'Clone 1 of iPhone 17 - gamekit (59712)' (6.000 seconds)
Test case 'VideoLocationPickerViewTests/test_zone_tap_updates_location()' passed on 'Clone 1 of iPhone 17 - gamekit (59712)' (6.000 seconds)
Test case 'VideoLocationPickerViewTests/test_size_toggle_derivation_matches_store_location()' passed on 'Clone 1 of iPhone 17 - gamekit (59712)' (6.000 seconds)
Test case 'VideoModeBannerAnchorTests/test_largeBottom_topEdge_fullWidthAlignment()' passed on 'Clone 1 of iPhone 17 - gamekit (59712)' (6.000 seconds)
Test case 'MinesweeperBoardLayoutTests/cellSize_hard_30col_390pt()' passed on 'Clone 1 of iPhone 17 - gamekit (59712)' (6.000 seconds)
Test case 'LocalizableCatalogTests/test_videoMode_copy_keys_exist()' passed on 'Clone 1 of iPhone 17 - gamekit (59712)' (6.000 seconds)
Test case 'MinesweeperHintTests/idleBoardHasNoStep()' passed on 'Clone 1 of iPhone 17 - gamekit (59712)' (7.000 seconds)
Test case 'MergeBestScoreTests/attachSeedsStoredBest()' passed on 'Clone 1 of iPhone 17 - gamekit (59712)' (7.000 seconds)
Test case 'MinesweeperHintTests/hintIsStable()' passed on 'Clone 1 of iPhone 17 - gamekit (59712)' (7.000 seconds)
Test case 'NonogramSlideGestureTests/fastHorizontalSwipeInterpolatesSkippedCells()' passed on 'Clone 1 of iPhone 17 - gamekit (59712)' (7.000 seconds)
Test case 'MergeBestScoreTests/initSeedsStoredBest()' passed on 'Clone 1 of iPhone 17 - gamekit (59712)' (7.000 seconds)
Test case 'MinesweeperHintTests/suggestedSquareIsUnopened()' passed on 'Clone 1 of iPhone 17 - gamekit (59712)' (7.000 seconds)
Test case 'MinesweeperHintTests/safeClaimsAreAlwaysTrue()' passed on 'Clone 1 of iPhone 17 - gamekit (59712)' (7.000 seconds)
Test case 'NonogramSlideGestureTests/fastVerticalSwipeInterpolatesSkippedCellsInReverse()' passed on 'Clone 1 of iPhone 17 - gamekit (59712)' (7.000 seconds)
Test case 'NonogramSlideGestureTests/denseBoardActivationFloor()' passed on 'Clone 1 of iPhone 17 - gamekit (59712)' (7.000 seconds)
Test case 'MinesweeperHintTests/evidenceIsUsableNumbers()' passed on 'Clone 1 of iPhone 17 - gamekit (59712)' (7.000 seconds)
Test case 'SFXPlayerTests/init_doesNotThrow()' passed on 'Clone 1 of iPhone 17 - gamekit (59712)' (7.000 seconds)
Test case 'VideoModeAwareTests/test_onState_collapsedSettings()' passed on 'Clone 1 of iPhone 17 - gamekit (59712)' (7.000 seconds)
Test case 'MinesweeperReplayBoardTests/replayedWinSetsNoBestTime()' passed on 'Clone 1 of iPhone 17 - gamekit (59712)' (7.000 seconds)
Test case 'MinesweeperHintTests/wrongFlagsDoNotCorruptTheSolver()' passed on 'Clone 1 of iPhone 17 - gamekit (59712)' (7.000 seconds)
Test case 'SFXPlayerTests/play_enabled_invokesPlay()' passed on 'Clone 1 of iPhone 17 - gamekit (59712)' (7.000 seconds)
Test case 'MinesweeperHintTests/copyCoversBothTechniques()' passed on 'Clone 1 of iPhone 17 - gamekit (59712)' (7.000 seconds)
Test case 'VideoModeAwareTests/test_offState_doesNotPublishCompactness()' passed on 'Clone 1 of iPhone 17 - gamekit (59712)' (7.000 seconds)
Test case 'MergeBestScoreTests/modeSwitchRereadsBest()' passed on 'Clone 1 of iPhone 17 - gamekit (59712)' (7.000 seconds)
Test case 'NonogramSlideGestureTests/roomyBoardActivationCap()' passed on 'Clone 1 of iPhone 17 - gamekit (59712)' (7.000 seconds)
Test case 'VideoModeAwareTests/test_onState_reducedTime()' passed on 'Clone 1 of iPhone 17 - gamekit (59712)' (7.000 seconds)
Test case 'MinesweeperReplayBoardTests/replayIsNotAssisted()' passed on 'Clone 1 of iPhone 17 - gamekit (59712)' (7.000 seconds)
Test case 'MinesweeperReplayBoardTests/lostGameOffersReplay()' passed on 'Clone 1 of iPhone 17 - gamekit (59712)' (7.000 seconds)
Test case 'MinesweeperReplayBoardTests/replayRequiresALoss()' passed on 'Clone 1 of iPhone 17 - gamekit (59712)' (7.000 seconds)
Test case 'VideoModeAwareTests/test_onState_normal()' passed on 'Clone 1 of iPhone 17 - gamekit (59712)' (7.000 seconds)
Test case 'SFXPlayerTests/init_setsAVAudioSessionCategoryToAmbient()' passed on 'Clone 1 of iPhone 17 - gamekit (59712)' (7.000 seconds)
Test case 'MinesweeperReplayBoardTests/boardIsResetToHidden()' passed on 'Clone 1 of iPhone 17 - gamekit (59712)' (7.000 seconds)
Test case 'SettingsViewTests/test_videoMode_toggle_binds_to_store()' passed on 'Clone 1 of iPhone 17 - gamekit (59712)' (7.000 seconds)
Test case 'SFXPlayerTests/play_disabled_doesNotInvokePlay()' passed on 'Clone 1 of iPhone 17 - gamekit (59712)' (7.000 seconds)
Test case 'MinesweeperReplayBoardTests/mineLayoutIsPreserved()' passed on 'Clone 1 of iPhone 17 - gamekit (59712)' (7.000 seconds)
Test case 'MergeViewModelTests/gameOverPath()' passed on 'Clone 1 of iPhone 17 - gamekit (59712)' (7.000 seconds)
Test case 'MinesweeperReplayBoardTests/adjacencyIsPreserved()' passed on 'Clone 1 of iPhone 17 - gamekit (59712)' (7.000 seconds)
Test case 'NonogramHintPresentationTests/rowCluesHaveExplicitBoundaries()' passed on 'Clone 1 of iPhone 17 - gamekit (59712)' (7.000 seconds)
Test case 'MergeViewModelTests/noBannerInInfiniteMode()' passed on 'Clone 1 of iPhone 17 - gamekit (59712)' (7.000 seconds)
Test case 'SettingsViewTests/test_locationRow_visibility_follows_isEnabled()' passed on 'Clone 1 of iPhone 17 - gamekit (59712)' (7.000 seconds)
Test case 'VideoModeSlotRouterTests/test_smallBottomLeft_anchors()' passed on 'Clone 1 of iPhone 17 - gamekit (59712)' (7.000 seconds)
Test case 'MergeViewModelTests/continuePastWinPath()' passed on 'Clone 1 of iPhone 17 - gamekit (59712)' (7.000 seconds)
Test case 'MergeViewModelTests/initReadsPersistedMode()' passed on 'Clone 1 of iPhone 17 - gamekit (59712)' (7.000 seconds)
Test case 'VideoModeSlotRouterTests/test_smallTopRight_anchors()' passed on 'Clone 1 of iPhone 17 - gamekit (59712)' (7.000 seconds)
Test case 'MinesweeperReplayBoardTests/replayDoesNotGoIdle()' passed on 'Clone 1 of iPhone 17 - gamekit (59712)' (7.000 seconds)
Test case 'SC5RegressionTests/test_off_state_byte_identical()' passed on 'Clone 1 of iPhone 17 - gamekit (59712)' (7.000 seconds)
Test case 'NonogramHintPresentationTests/rowCluesHaveClearAccessibilityLabel()' passed on 'Clone 1 of iPhone 17 - gamekit (59712)' (7.000 seconds)
Test case 'MergeViewModelTests/scoreIncrementsOnMerge()' passed on 'Clone 1 of iPhone 17 - gamekit (59712)' (7.000 seconds)
Test case 'MinesweeperHintWiringTests/hintClearsOnTargetReveal()' passed on 'Clone 1 of iPhone 17 - gamekit (59712)' (7.000 seconds)
Test case 'VideoModeSlotRouterTests/test_smallTopLeft_anchors()' passed on 'Clone 1 of iPhone 17 - gamekit (59712)' (7.000 seconds)
Test case 'MergeViewModelTests/restartResets()' passed on 'Clone 1 of iPhone 17 - gamekit (59712)' (7.000 seconds)
Test case 'VideoModeSlotRouterTests/test_largeBottom_allInCompactRow()' passed on 'Clone 1 of iPhone 17 - gamekit (59712)' (7.000 seconds)
Test case 'MergeViewModelTests/initSeedsBoardImmediately()' passed on 'Clone 1 of iPhone 17 - gamekit (59712)' (7.000 seconds)
Test case 'MergeViewModelTests/winBannerInWinMode()' passed on 'Clone 1 of iPhone 17 - gamekit (59712)' (7.000 seconds)
Test case 'MinesweeperReplayBoardTests/restartClearsReplayFlag()' passed on 'Clone 1 of iPhone 17 - gamekit (59712)' (7.000 seconds)
Test case 'VideoModeSlotRouterTests/test_all_cases_have_mappings()' passed on 'Clone 1 of iPhone 17 - gamekit (59712)' (7.000 seconds)
Test case 'NonogramGeneratorTests/legacyReconstructMatchesV1Goldens()' passed on 'Clone 1 of iPhone 17 - gamekit (59712)' (7.000 seconds)
Test case 'NonogramGeneratorTests/lineSolverSimple()' passed on 'Clone 1 of iPhone 17 - gamekit (59712)' (7.000 seconds)
Test case 'NonogramGeneratorTests/generatedGridIsLineSolvable()' passed on 'Clone 1 of iPhone 17 - gamekit (59712)' (7.000 seconds)
Test case 'MergeViewModelTests/setModePersists()' passed on 'Clone 1 of iPhone 17 - gamekit (59712)' (7.000 seconds)
Test case 'VideoModeSlotRouterTests/test_smallBottomRight_anchors()' passed on 'Clone 1 of iPhone 17 - gamekit (59712)' (7.000 seconds)
Test case 'VideoModeSlotRouterTests/test_largeTop_allInCompactRow()' passed on 'Clone 1 of iPhone 17 - gamekit (59712)' (7.000 seconds)
Test case 'CloudSyncStatusObserverTests/event_failed_flipsToUnavailable_withLastSynced()' passed on 'Clone 1 of iPhone 17 - gamekit (59712)' (7.000 seconds)
Test case 'NonogramGeneratorTests/reconstructRejectsCuratedIds()' passed on 'Clone 1 of iPhone 17 - gamekit (59712)' (7.000 seconds)
Test case 'NonogramGeneratorTests/reconstructIsDeterministic()' passed on 'Clone 1 of iPhone 17 - gamekit (59712)' (7.000 seconds)
Test case 'NonogramGeneratorTests/lineSolverContradiction()' passed on 'Clone 1 of iPhone 17 - gamekit (59712)' (7.000 seconds)
Test case 'GameAssistPlacementTests/normalPlayUsesTopEdge()' passed on 'Clone 1 of iPhone 17 - gamekit (59712)' (7.000 seconds)
Test case 'NonogramGeneratorTests/generatedIdFormat()' passed on 'Clone 1 of iPhone 17 - gamekit (59712)' (7.000 seconds)
Test case 'GameAssistPlacementTests/bottomVideoZonesUseTopEdge()' passed on 'Clone 1 of iPhone 17 - gamekit (59712)' (7.000 seconds)
Test case 'CloudSyncStatusObserverTests/label_unavailable_isPlainString()' passed on 'Clone 1 of iPhone 17 - gamekit (59712)' (7.000 seconds)
Test case 'CloudSyncStatusObserverTests/initialStatus_notSignedIn_default()' passed on 'Clone 1 of iPhone 17 - gamekit (59712)' (7.000 seconds)
Test case 'CloudSyncStatusObserverTests/event_succeeded_flipsToSyncedAt()' passed on 'Clone 1 of iPhone 17 - gamekit (59712)' (7.000 seconds)
Test case 'CloudSyncStatusObserverTests/event_endDateNil_flipsToSyncing()' passed on 'Clone 1 of iPhone 17 - gamekit (59712)' (7.000 seconds)
Test case 'CloudSyncStatusObserverTests/label_hours_isXAgo()' passed on 'Clone 1 of iPhone 17 - gamekit (59712)' (7.000 seconds)
Test case 'CloudSyncStatusObserverTests/label_minutes_isXAgo()' passed on 'Clone 1 of iPhone 17 - gamekit (59712)' (7.000 seconds)
Test case 'CloudSyncStatusObserverTests/event_setupFailed_flipsToUnavailable()' passed on 'Clone 1 of iPhone 17 - gamekit (59712)' (7.000 seconds)
Test case 'GameAssistPlacementTests/topVideoZonesUseBottomEdge()' passed on 'Clone 1 of iPhone 17 - gamekit (59712)' (7.000 seconds)
Test case 'CloudSyncStatusObserverTests/initialStatus_syncing_explicit()' passed on 'Clone 1 of iPhone 17 - gamekit (59712)' (7.000 seconds)
Test case 'MinesweeperViewModelTests/vmSourceFile_importsOnlyFoundation()' passed on 'Clone 1 of iPhone 17 - gamekit (59712)' (7.000 seconds)
Test case 'CloudSyncStatusObserverTests/event_setupSucceeded_staysSyncing()' passed on 'Clone 1 of iPhone 17 - gamekit (59712)' (7.000 seconds)
Test case 'MinesweeperViewModelTests/LossContextTests/lossContext_nilOnNonTerminal()' passed on 'Clone 1 of iPhone 17 - gamekit (59712)' (7.000 seconds)
Test case 'MinesweeperViewModelTests/MineCounterTests/minesRemaining_decrementsOnFlag()' passed on 'Clone 1 of iPhone 17 - gamekit (59712)' (7.000 seconds)
Test case 'MinesweeperViewModelTests/DifficultyChangeAlertTests/requestDifficultyChange_fromPlaying_showsAlert()' passed on 'Clone 1 of iPhone 17 - gamekit (59712)' (7.000 seconds)
Test case 'MinesweeperViewModelTests/DifficultyChangeAlertTests/confirmDifficultyChange_appliesPendingAndDismissesAlert()' passed on 'Clone 1 of iPhone 17 - gamekit (59712)' (7.000 seconds)
Test case 'MinesweeperViewModelTests/InteractionModeTests/modeToggleCount_bumps_per_toggle()' passed on 'Clone 1 of iPhone 17 - gamekit (59712)' (7.000 seconds)
Test case 'CloudSyncStatusObserverTests/label_lessThan60s_isJustNow()' passed on 'Clone 1 of iPhone 17 - gamekit (59712)' (7.000 seconds)
Test case 'MinesweeperViewModelTests/InteractionModeTests/longPress_in_revealMode_togglesFlag()' passed on 'Clone 1 of iPhone 17 - gamekit (59712)' (7.000 seconds)
Test case 'MinesweeperViewModelTests/DifficultyChangeAlertTests/requestSameDifficulty_isNoOp()' passed on 'Clone 1 of iPhone 17 - gamekit (59712)' (7.000 seconds)
Test case 'MinesweeperViewModelTests/MineCounterTests/minesRemaining_atIdle_equalsDifficultyMineCount()' passed on 'Clone 1 of iPhone 17 - gamekit (59712)' (7.000 seconds)
Test case 'CloudSyncStatusObserverTests/event_importSucceeded_flipsToSyncedAt()' passed on 'Clone 1 of iPhone 17 - gamekit (59712)' (7.000 seconds)
Test case 'MinesweeperViewModelTests/MineCounterTests/minesRemaining_canGoNegativeWhenOverFlagging()' passed on 'Clone 1 of iPhone 17 - gamekit (59712)' (7.000 seconds)
Test case 'MinesweeperViewModelTests/InteractionModeTests/longPress_in_flagMode_revealsCell()' passed on 'Clone 1 of iPhone 17 - gamekit (59712)' (7.000 seconds)
Test case 'MinesweeperViewModelTests/DifficultyPersistenceTests/init_garbageInDefaults_fallsBackToEasy()' passed on 'Clone 1 of iPhone 17 - gamekit (59712)' (7.000 seconds)
Test case 'MinesweeperViewModelTests/LossContextTests/lossContext_populatedOnMineReveal()' passed on 'Clone 1 of iPhone 17 - gamekit (59712)' (7.000 seconds)
Test case 'MinesweeperViewModelTests/DifficultyPersistenceTests/init_readsUserDefaults()' passed on 'Clone 1 of iPhone 17 - gamekit (59712)' (7.000 seconds)
Test case 'MinesweeperViewModelTests/InteractionModeTests/toggleInteractionMode_cycles()' passed on 'Clone 1 of iPhone 17 - gamekit (59712)' (7.000 seconds)
Test case 'MinesweeperViewModelTests/RestartTests/restart_fromPlaying_resetsToIdleSameDifficulty()' passed on 'Clone 1 of iPhone 17 - gamekit (59712)' (7.000 seconds)
Test case 'MinesweeperViewModelTests/RevealAndFlagTests/firstReveal_idleToPlaying_generatesFirstTapSafeBoard()' passed on 'Clone 1 of iPhone 17 - gamekit (59712)' (7.000 seconds)
Test case 'MinesweeperViewModelTests/RevealAndFlagTests/toggleFlag_hiddenToFlagged_incrementsFlaggedCount()' passed on 'Clone 1 of iPhone 17 - gamekit (59712)' (7.000 seconds)
Test case 'MinesweeperViewModelTests/TimerStateTests/frozenElapsed_inIdleIsZero()' passed on 'Clone 1 of iPhone 17 - gamekit (59712)' (7.000 seconds)
Test case 'MinesweeperViewModelTests/RevealAndFlagTests/toggleFlag_onRevealed_isNoOp()' passed on 'Clone 1 of iPhone 17 - gamekit (59712)' (7.000 seconds)
Test case 'MinesweeperViewModelTests/DifficultyPersistenceTests/init_emptyDefaults_fallsBackToEasy()' passed on 'Clone 1 of iPhone 17 - gamekit (59712)' (7.000 seconds)
Test case 'MinesweeperViewModelTests/InteractionModeTests/restart_resets_interactionMode_and_modeToggleCount()' passed on 'Clone 1 of iPhone 17 - gamekit (59712)' (7.000 seconds)
Test case 'MinesweeperViewModelTests/TerminalStateTests/revealAllSafeCells_transitionsToWon()' passed on 'Clone 1 of iPhone 17 - gamekit (59712)' (7.000 seconds)
Test case 'MinesweeperViewModelTests/RevealAndFlagTests/toggleFlag_flaggedToHidden_decrementsFlaggedCount()' passed on 'Clone 1 of iPhone 17 - gamekit (59712)' (7.000 seconds)
Test case 'MinesweeperViewModelTests/InteractionModeTests/tap_in_flagMode_togglesFlag()' passed on 'Clone 1 of iPhone 17 - gamekit (59712)' (7.000 seconds)
Test case 'MinesweeperViewModelTests/InteractionModeTests/tap_in_revealMode_revealsCell()' passed on 'Clone 1 of iPhone 17 - gamekit (59712)' (7.000 seconds)
Test case 'MinesweeperViewModelTests/TimerStateTests/resume_inPlaying_setsNewAnchor()' passed on 'Clone 1 of iPhone 17 - gamekit (59712)' (7.000 seconds)
Test case 'MinesweeperViewModelTests/DifficultyPersistenceTests/setDifficulty_writesUserDefaults()' passed on 'Clone 1 of iPhone 17 - gamekit (59712)' (7.000 seconds)
Test case 'MinesweeperViewModelTests/TimerStateTests/pause_idleState_isNoOp()' passed on 'Clone 1 of iPhone 17 - gamekit (59712)' (7.000 seconds)
Test case 'MinesweeperViewModelTests/TimerStateTests/pause_inPlaying_accumulatesElapsedAndNilsAnchor()' passed on 'Clone 1 of iPhone 17 - gamekit (59712)' (7.000 seconds)
Test case 'MinesweeperViewModelTests/DifficultyChangeAlertTests/requestDifficultyChange_fromIdle_appliesImmediately()' passed on 'Clone 1 of iPhone 17 - gamekit (59712)' (7.000 seconds)
Test case 'MinesweeperViewModelTests/TerminalStateTests/revealMine_transitionsToLost()' passed on 'Clone 1 of iPhone 17 - gamekit (59712)' (7.000 seconds)
Test case 'MinesweeperViewModelTests/DifficultyChangeAlertTests/cancelDifficultyChange_keepsCurrentDifficultyAndDismissesAlert()' passed on 'Clone 1 of iPhone 17 - gamekit (59712)' (7.000 seconds)
Test case 'MinesweeperViewModelTests/TimerStateTests/resume_idleState_isNoOp()' passed on 'Clone 1 of iPhone 17 - gamekit (59712)' (7.000 seconds)
Test case 'MinesweeperViewModelTests/RestartTests/restart_fromIdle_isIdempotent()' passed on 'Clone 1 of iPhone 17 - gamekit (59712)' (7.000 seconds)
Test case 'MinesweeperViewModelTests/TimerStateTests/terminalLoss_freezesTimer()' passed on 'Clone 1 of iPhone 17 - gamekit (59712)' (7.000 seconds)
Test suite 'SudokuPuzzlePoolTests' started on 'Clone 1 of iPhone 17 - gamekit (59712)'
Test case 'SudokuPuzzlePoolTests.test_countPerDifficulty_isAtLeastTen()' passed on 'Clone 1 of iPhone 17 - gamekit (59712)' (0.017 seconds)
Test case 'SudokuPuzzlePoolTests.test_decodeFails_onMalformedBundleResource()' passed on 'Clone 1 of iPhone 17 - gamekit (59712)' (0.002 seconds)
Test case 'SudokuPuzzlePoolTests.test_loadsRealBundleResource()' passed on 'Clone 1 of iPhone 17 - gamekit (59712)' (0.013 seconds)
Test case 'SudokuPuzzlePoolTests.test_next_recyclesWhenExhausted()' passed on 'Clone 1 of iPhone 17 - gamekit (59712)' (0.014 seconds)
Test case 'SudokuPuzzlePoolTests.test_next_returnsUnplayedEntry()' passed on 'Clone 1 of iPhone 17 - gamekit (59712)' (0.012 seconds)
Test case 'SudokuPuzzlePoolTests.test_next_skipsPlayedIDs()' passed on 'Clone 1 of iPhone 17 - gamekit (59712)' (0.012 seconds)
Test suite 'SudokuViewModelTests' started on 'Clone 1 of iPhone 17 - gamekit (59712)'
Test case 'SudokuViewModelTests.testCommitClearsPeerNotes()' passed on 'Clone 1 of iPh2026-09-08 09:38:50.036 xcodebuild[59105:31465884] [MT] IDETestOperationsObserverDebug: 58.567 elapsed -- Testing started completed.
2026-09-08 09:38:50.036 xcodebuild[59105:31465884] [MT] IDETestOperationsObserverDebug: 0.000 sec, +0.000 sec -- start
2026-09-08 09:38:50.036 xcodebuild[59105:31465884] [MT] IDETestOperationsObserverDebug: 58.567 sec, +58.567 sec -- end
one 17 - gamekit (59712)' (0.006 seconds)
Test case 'SudokuViewModelTests.testFreeMode_commitsValueAndChecksWin()' passed on 'Clone 1 of iPhone 17 - gamekit (59712)' (0.004 seconds)
Test case 'SudokuViewModelTests.testFreeMode_wrongValueCommitsButDoesNotIncrementMistakes()' passed on 'Clone 1 of iPhone 17 - gamekit (59712)' (0.003 seconds)
Test case 'SudokuViewModelTests.testGivensAreImmutable()' passed on 'Clone 1 of iPhone 17 - gamekit (59712)' (0.003 seconds)
Test case 'SudokuViewModelTests.testLivesMode_correctValueLocksCell()' passed on 'Clone 1 of iPhone 17 - gamekit (59712)' (0.003 seconds)
Test case 'SudokuViewModelTests.testLivesMode_threeMistakesLeadToGameOver()' passed on 'Clone 1 of iPhone 17 - gamekit (59712)' (0.004 seconds)
Test case 'SudokuViewModelTests.testLivesMode_wrongValueIncrementsMistakes_andDoesNotCommit()' passed on 'Clone 1 of iPhone 17 - gamekit (59712)' (0.003 seconds)
Test case 'SudokuViewModelTests.testNoteMode_togglesNotes()' passed on 'Clone 1 of iPhone 17 - gamekit (59712)' (0.005 seconds)
Test case 'SudokuViewModelTests.testRestart_resetsStateButKeepsPuzzle()' passed on 'Clone 1 of iPhone 17 - gamekit (59712)' (0.005 seconds)
Test case 'SudokuViewModelTests.testUndo_restoresPreviousCellAndMistakes()' passed on 'Clone 1 of iPhone 17 - gamekit (59712)' (0.012 seconds)
Test suite 'SudokuBoardTests' started on 'Clone 1 of iPhone 17 - gamekit (59712)'
Test case 'SudokuBoardTests.testClearingPeerNotes_removesValueFromRowColBox()' passed on 'Clone 1 of iPhone 17 - gamekit (59712)' (0.001 seconds)
Test case 'SudokuBoardTests.testGivenCells_areMarkedIsGiven()' passed on 'Clone 1 of iPhone 17 - gamekit (59712)' (0.001 seconds)
Test case 'SudokuBoardTests.testInit_parsesGivensCorrectly()' passed on 'Clone 1 of iPhone 17 - gamekit (59712)' (0.001 seconds)
Test case 'SudokuBoardTests.testInit_rejectsMalformedGivens()' passed on 'Clone 1 of iPhone 17 - gamekit (59712)' (0.001 seconds)
Test case 'SudokuBoardTests.testIsSolved_falseUntilAllCellsCorrect()' passed on 'Clone 1 of iPhone 17 - gamekit (59712)' (0.001 seconds)
Test case 'SudokuBoardTests.testPeerIndices_excludesSelf_and_returns20Peers()' passed on 'Clone 1 of iPhone 17 - gamekit (59712)' (0.001 seconds)
Test case 'SudokuBoardTests.testSetting_returnsBoardWithCellChanged()' passed on 'Clone 1 of iPhone 17 - gamekit (59712)' (0.001 seconds)
Test case 'SudokuBoardTests.testSolutionDigit_matchesString()' passed on 'Clone 1 of iPhone 17 - gamekit (59712)' (0.001 seconds)
